id,domain,status,purchase_price,renewal_price,attractiveness,demand,length,registrar,created_at,expires_at,status_verified_at
a844adf1-437d-42a5-aa03-fff1efea9e67,salubrious.fund,available,11.98,92.98,high,low,10,namecheap,,,20/08/2026 16:33
37db8543-1645-494d-9496-ffdba5b60ce8,disfigure.fund,available,14.99,71.99,medium,low,9,namesilo,,,24/09/2026 05:36
2377bd9d-e30f-4508-a805-7604d2897ee0,cacophony.fund,available,11.98,92.98,medium,low,9,namecheap,,,10/08/2026 13:13
f739d9a2-4590-42cc-b420-872392b1aa1a,moosewood.fund,available,14.99,71.99,medium,low,9,namesilo,,,16/09/2026 23:36
0f1045cf-7cec-4652-bdfd-f1ed33db83e9,antipodes.fund,available,14.99,71.99,medium,low,9,namesilo,,,19/09/2026 14:59
9b91ff72-3594-4111-b37d-9d57995121a8,atheneum.fund,available,11.98,92.98,medium,low,8,namecheap,,,20/09/2026 20:41
665cad45-9616-4b62-9ad9-32cea8f8fd9c,contiguity.fund,available,14.99,71.99,medium,low,10,namesilo,,,17/09/2026 08:24
d5432933-eb53-4cca-812a-90059939563f,evolve.fund,resell,,,high,low,6,Alibaba Cloud Computing Ltd. d/b/a HiChina (www.net.cn),25/02/2023 09:17,25/02/2027 09:17,26/09/2026 05:55
f6756042-0e25-417d-a6e1-8bd8bfde2687,nis.fund,available,11.98,92.98,high,low,3,namecheap,,,29/09/2026 14:58
0fba0850-b943-4676-b3d5-c1e4b46b9ad0,tottenham.fund,available,14.99,71.99,medium,low,9,namesilo,,,29/09/2026 22:19
fb2f98ce-5f5f-40f1-bf61-bf371521837b,impromptu.fund,available,11.98,92.98,high,low,9,namecheap,,,
38b37370-b9b1-4773-bbd0-e0d7f34adb6f,chartless.fund,available,11.98,92.98,medium,low,9,namecheap,,,12/08/2026 02:52
18275d15-607b-48f1-b0f0-7b86674a83c7,dystopian.fund,available,11.98,92.98,medium,low,9,namecheap,,,14/08/2026 22:10
bf0326ab-2c6b-4ba2-b20b-88a1c00f8c32,colourless.fund,available,11.98,92.98,medium,low,10,namecheap,,,12/08/2026 17:55
e823e191-92e6-4f5c-9845-6b3ecd1ea530,aquifer.fund,available,14.99,71.99,high,low,7,namesilo,,,19/09/2026 23:11
5e3b6435-d27b-4a2f-9e4c-aa287966781a,damascene.fund,available,15.99,92.99,medium,low,9,name.com,,,13/08/2026 16:07
415ab4a7-a933-4b2a-89d3-3792421b8127,offend.fund,available,11.98,92.98,medium,low,6,namecheap,,,28/09/2026 18:28
88dd3ca0-139e-48a4-8deb-2c8a7380e082,visited.fund,available,15.99,,high,low,7,name.com,,,
1d6ae13a-17fa-4b46-b9ab-bb59d79ab498,revolting.fund,available,11.98,92.98,medium,low,9,namecheap,,,14/08/2026 10:45
07b9b603-db66-4f96-b9b0-48ee3d66d265,untrod.fund,available,11.98,92.98,medium,low,6,namecheap,,,08/09/2026 10:33
72e8dd51-b484-4649-a04e-870be4916d32,personally.fund,available,11.98,92.98,high,low,10,namecheap,,,28/09/2026 15:35
2951914c-01e0-470b-870c-308a802564c2,macrocosm.fund,available,11.98,92.98,high,low,9,namecheap,,,13/09/2026 13:17
073fa84c-aea9-438f-9ecb-a46d73ce2c17,ergotic.fund,available,11.98,92.98,medium,low,7,namecheap,,,17/08/2026 12:13
866ddf75-b981-47b5-9bd0-083583788994,cancun.fund,available,11.98,92.98,high,low,6,namecheap,,,24/09/2026 12:01
2a18ea28-994c-40ea-9af4-e1390e4a442c,inlaid.fund,available,11.98,92.98,medium,low,6,namecheap,,,22/08/2026 05:47
ed97fa07-ba45-4213-9e16-8293b04236ef,near.fund,resell,,,high,low,4,"Xiamen ChinaSource Internet Service Co., Ltd",31/01/2024 17:00,31/01/2027 17:00,26/09/2026 07:43
1a76ef9b-70b6-4a3c-93aa-4de45788e0ad,roof.fund,resell,,,high,low,4,"DNSPod, Inc.",21/03/2024 15:15,21/03/2036 15:15,26/09/2026 08:44
cfc9e0c3-5989-4236-8067-e75e7d2f6ab7,louisa.fund,available,14.99,71.99,high,low,6,namesilo,,,25/09/2026 14:44
e3880de5-e8a3-41dc-9e67-d859bbff3746,faded.fund,available,14.99,71.99,high,low,5,namesilo,,,22/09/2026 11:25
3e5e7b88-0459-4022-a733-fba4ecdc2ea9,governor.fund,available,14.99,71.99,high,low,8,namesilo,,,27/09/2026 04:15
a250317b-a466-4a55-aa19-3e11c3ee74c2,malik.fund,available,55.2,55.2,high,low,5,cloudflare,,,29/09/2026 13:22
1fae4d1d-c3dc-4255-8682-8f54fc45e6fb,fungous.fund,available,11.98,92.98,medium,low,7,namecheap,,,18/08/2026 18:30
0ffb8f7f-19ed-4393-bddf-3e106bba1626,unwise.fund,available,11.98,92.98,medium,low,6,namecheap,,,12/09/2026 22:42
ae313021-3280-4aad-a0e4-31549f67086e,neatly.fund,available,11.98,92.98,high,low,6,namecheap,,,15/09/2026 16:16
913b835a-71fe-4c13-b68d-d1e9efd9aff3,bantu.fund,available,11.98,92.98,medium,low,5,namecheap,,,08/08/2026 14:50
d298b884-a627-4c00-ae35-d1f7e4f0fba6,pierced.fund,available,11.98,92.98,high,low,7,namecheap,,,08/09/2026 16:50
0107d844-06d4-45f6-b73e-d139d2f4153f,miffed.fund,available,11.98,92.98,medium,low,6,namecheap,,,
6a753571-eea9-4661-8d73-88c4589c68a4,sheila.fund,available,55.2,55.2,high,low,6,cloudflare,,,27/09/2026 17:05
702196c3-e4d9-40ac-85c0-4fae56839790,firstborn.fund,available,11.98,92.98,high,low,9,namecheap,,,16/08/2026 02:17
08ca3e4a-6b44-4d8b-8f76-f7faf895f910,restrained.fund,available,11.98,92.98,high,low,10,namecheap,,,20/08/2026 20:43
ab6400f1-2a1c-4517-9ba7-2fb067faa21b,dollar.fund,premium,854,854,high,low,6,namesilo,,,29/09/2026 16:27
cf4256ce-0dbb-41b7-bc23-37db86984c7a,rats.fund,available,15.99,,high,low,4,name.com,,,
c626363d-f054-4c1a-b281-af5582ac9c03,orgy.fund,available,14.99,71.99,medium,low,4,namesilo,,,23/09/2026 17:17
7343bf82-c87b-40b9-99a5-b9e4e23406e8,dew.fund,premium,108.9,108.9,high,low,3,dynadot,,,29/09/2026 14:47
947bb02c-aef8-4752-9c95-2ee0d9183372,transmitter.fund,available,10.55,57.13,high,low,11,spaceship,,,28/09/2026 15:46
2a7efbc8-5b03-4bd8-b967-14732a94ebb3,zack.fund,available,55.2,55.2,high,low,4,cloudflare,,,27/09/2026 18:11
f79d912b-7e02-409b-a2c0-2dd43afa5f7e,warrant.fund,available,11.98,92.98,high,low,7,namecheap,,,08/09/2026 08:40
35400e42-ed94-47c3-9425-4f68c05f6c4e,ursula.fund,available,10.55,57.13,medium,low,6,spaceship,,,28/09/2026 03:44
61b8ecf7-ceba-4c35-9df7-5bbc17b348d9,focuses.fund,available,11.98,92.98,medium,low,7,namecheap,,,20/09/2026 21:43
f6764b0a-1ea9-49f8-a936-ca44a5c85514,funnily.fund,available,11.98,92.98,medium,low,7,namecheap,,,14/09/2026 20:40
b70ca3f1-edf0-4ecd-af0a-cb0793823f26,wreck.fund,available,14.99,71.99,high,low,5,namesilo,,,27/09/2026 05:55
b0d1da3a-939c-4118-8908-437a1e5b7b4e,defense.fund,premium,78.54,78.54,high,low,7,namesilo,,,29/09/2026 13:31
f88c526a-d0fe-46a8-bb66-884d41a662a0,motion.fund,resell,,,high,medium,6,"DNSPod, Inc.",13/06/2025 15:15,13/06/2027 15:15,28/09/2026 21:51
ed32bc8b-c641-49c1-abdb-5a4101c32d22,patristic.fund,available,11.98,92.98,medium,low,9,namecheap,,,08/09/2026 10:38
e25bc1c3-18b9-4e09-8db5-922101cfa4d1,smarter.fund,resell,,,high,low,7,,,,29/09/2026 10:30
05f98638-b781-49e0-bdfa-dc815b356e07,blithe.fund,available,11.98,92.98,high,low,6,namecheap,,,10/08/2026 14:37
53e3f687-ab69-4f24-8f5a-1860c229d4d1,twinkly.fund,available,11.98,92.98,medium,low,7,namecheap,,,09/08/2026 04:13
2582ae3c-5855-4554-95fe-edb3b92c4d77,rococo.fund,available,11.98,92.98,high,low,6,namecheap,,,09/09/2026 18:12
afca0896-6e97-4399-9d98-50f0580d6c6e,aken.fund,available,11.98,92.98,medium,low,4,namecheap,,,16/09/2026 13:08
eba65d9b-961f-49e7-9897-d7a1bd60bb9b,optimistic.fund,available,11.98,92.98,high,low,10,namecheap,,,04/09/2026 17:07
f570420a-b935-432a-b38b-abe3464e0ef3,attitudes.fund,available,55.2,55.2,medium,low,9,cloudflare,,,29/09/2026 23:34
d42f7fe8-7784-40be-af8a-fcd43075aa0f,menacing.fund,available,11.98,92.98,medium,low,8,namecheap,,,24/08/2026 19:55
1306c001-180e-4686-bcbc-35fb6707258d,laplace.fund,available,14.99,71.99,medium,low,7,namesilo,,,29/09/2026 01:32
dcf8060f-f6c8-44f0-9597-82f219d60735,interference.fund,available,11.98,92.98,medium,low,12,namecheap,,,28/09/2026 21:09
0a22ec85-3dc8-4237-b1e6-ca456546b8dd,regularly.fund,available,11.98,92.98,medium,low,9,namecheap,,,15/09/2026 17:25
ccebf7e7-9ddf-4bee-85de-5f06f694efa0,perfidious.fund,available,11.98,92.98,medium,low,10,namecheap,,,08/09/2026 16:31
e5c52ad3-3c83-4269-a636-6947d8a788c0,polo.fund,available,,,high,high,4,,,,
9075fc98-526a-47df-9bc5-7a1c0e8d7cb0,farmington.fund,available,10.55,57.13,high,low,10,spaceship,,,28/09/2026 05:41
e43d9981-f2a8-45dc-bba3-55a077e04213,convenience.fund,available,14.99,71.99,high,low,11,namesilo,,,28/09/2026 07:18
044dd6d4-c557-4173-95b7-86d33e172875,gothenburg.fund,available,55.2,55.2,medium,low,10,cloudflare,,,28/09/2026 14:19
0971371c-ecc3-4b86-b801-2fd5b82e28ab,section.fund,available,11.98,92.98,high,low,7,namecheap,,,08/09/2026 06:07
7e65a10b-e507-4e5a-92a3-35b4e21d5374,bred.fund,available,10.55,57.13,high,low,4,spaceship,,,29/09/2026 14:17
8501aa3d-7112-4b0b-b594-63757c7609cf,amaterasu.fund,available,14.99,71.99,medium,low,9,namesilo,,,18/09/2026 16:05
00385a53-aaff-4922-aeca-735c8907dd50,colder.fund,available,55.2,55.2,low,low,6,cloudflare,,,29/09/2026 10:18
438a8cec-f97d-40c2-a7fc-aaa4a639eb0b,flit.fund,available,11.98,92.98,high,low,4,namecheap,,,18/08/2026 07:46
8e74d62d-5880-4fd9-82f6-a1c595d4840a,besom.fund,available,14.99,71.99,medium,low,5,namesilo,,,23/09/2026 10:25
64896d17-e31b-4a62-95c3-ee42fb454d6a,disperse.fund,available,14.99,71.99,high,low,8,namesilo,,,29/09/2026 13:55
3059e675-9705-4939-817d-4b455c8c0e8c,kilogramme.fund,available,15.99,,medium,low,10,name.com,,,
56b0cb1d-09d6-4325-9541-769000dae826,postage.fund,available,8.75,57.16,high,low,7,porkbun,,,29/09/2026 20:01
d579b914-61ef-4302-a0f8-668fd4f95bb8,poulet.fund,available,11.98,92.98,medium,low,6,namecheap,,,12/08/2026 04:55
5a53701e-f6d7-4dfe-8f32-405caeb28c44,bartok.fund,available,11.98,92.98,medium,low,6,namecheap,,,22/09/2026 09:23
bca8b80a-0f27-4b6a-b101-c2a6774d438a,kicking.fund,available,55.2,55.2,high,low,7,cloudflare,,,30/09/2026 01:20
400f2200-7895-4648-8f05-8444e18b44d1,knightly.fund,available,11.98,92.98,high,low,8,namecheap,,,12/08/2026 06:11
18a1093a-cd72-45f5-affa-074d8dc7bba3,unmerited.fund,available,11.98,92.98,medium,low,9,namecheap,,,12/09/2026 15:37
181d33a3-0914-4e78-a987-3cbbd0534ff0,mazed.fund,available,11.98,92.98,medium,low,5,namecheap,,,07/08/2026 12:07
0da404e6-7fbd-44af-8530-8ca4b8273dc2,kitchen.fund,premium,242,242,high,low,7,namesilo,,,30/09/2026 01:38
c1ef4477-f549-41a1-8c35-e8700d9044c0,crotchety.fund,available,11.98,92.98,medium,low,9,namecheap,,,13/08/2026 08:25
9ba330c4-3ae4-4fdd-8a98-ea2dae873075,artiste.fund,available,14.99,71.99,high,low,7,namesilo,,,20/09/2026 11:55
ede38c5f-5239-4c20-af89-b6d0242bf086,ninth.fund,available,11.98,92.98,high,low,5,namecheap,,,
f2031093-7307-4328-aaad-e8e2e1b6706a,microscopic.fund,available,10.55,57.13,high,low,11,spaceship,,,29/09/2026 08:46
ef4061cd-0508-4cfc-bf6e-766dfc01b229,tis.fund,premium,72.6,72.6,high,low,3,dynadot,,,29/09/2026 23:40
94f0b2a3-2519-436b-afba-8cdcb8a71e56,crooner.fund,available,14.99,71.99,high,low,7,namesilo,,,21/09/2026 22:42
5fe4581e-3b1b-4101-a2b2-4fc6b20d7c07,statuesque.fund,available,11.98,92.98,medium,low,10,namecheap,,,22/08/2026 14:32
6ab8d911-d154-444e-9688-6045529daa1e,despot.fund,available,14.99,71.99,medium,low,6,namesilo,,,21/09/2026 06:11
a40686ac-dc00-4cb5-8627-c73aa7e44bcd,paths.fund,available,14.99,71.99,medium,low,5,namesilo,,,18/09/2026 10:52
6a8d2277-829f-429f-8344-546e3c6cf133,aqua.fund,resell,,,high,medium,4,"DNSPod, Inc.",23/11/2023 15:15,23/11/2035 15:15,26/09/2026 03:57
c6cd4249-564a-4766-9cb7-9ef54d0c185e,forty.fund,available,11.98,92.98,high,low,5,namecheap,,,
a961a192-7f85-4619-9d10-7a29d07e6a40,dendritic.fund,available,11.98,92.98,medium,low,9,namecheap,,,14/08/2026 01:48
41c5a115-962f-4c95-a017-4110961c7d8c,filed.fund,available,15.99,,medium,low,5,name.com,,,
66dd8384-2948-4dcb-8ac8-b9264412ea59,vegan.fund,resell,,,high,medium,5,"DNSPod, Inc.",04/10/2019 08:29,04/10/2030 08:29,26/09/2026 09:57
65be6d19-d013-4bbd-906a-eaccf90dbb90,inborn.fund,available,11.98,92.98,medium,low,6,namecheap,,,12/08/2026 21:42
3741048a-9760-4bbe-a7ed-5347791e3403,practices.fund,available,11.98,92.98,medium,low,9,namecheap,,,16/09/2026 19:21
4ba6a202-f045-49de-a1ff-f7d8479829e2,lid.fund,premium,85.8,85.8,high,low,3,namecheap,,,24/09/2026 13:43
2aad5f41-da23-4bf4-a62a-89e1b218b3d3,workmanship.fund,available,14.99,71.99,high,low,11,namesilo,,,16/09/2026 08:15
1bff6cc6-1654-4122-bf4f-deb5f390765f,kisses.fund,available,14.99,71.99,medium,low,6,namesilo,,,28/09/2026 04:53
f241d93a-3209-47b7-8af8-6736124df6d1,acheta.fund,available,14.99,71.99,medium,low,6,namesilo,,,17/09/2026 00:33
d4ecd8e3-158c-4de1-9955-26bc47409bb7,surfboard.fund,available,15.99,,high,low,9,name.com,,,
741e07ea-d940-4e83-98e6-3231d509e7df,plank.fund,available,55.2,55.2,high,low,5,cloudflare,,,29/09/2026 01:50
c36df309-59c8-4e5b-8659-807e510cb403,lined.fund,available,11.98,92.98,high,low,5,namecheap,,,23/08/2026 14:17
38c687c6-80c4-44df-bfff-61dee6d66aac,sul.fund,available,14.99,71.99,high,low,3,namesilo,,,27/09/2026 10:19
2bb375f2-891f-4361-b933-fe96810aafcc,cheddar.fund,available,15.99,92.99,high,low,7,name.com,,,18/09/2026 19:29
7cf1d26b-7fd9-4622-9ffb-733e93e6c876,azeri.fund,premium,128.7,128.7,high,low,5,namecheap,,,21/09/2026 11:12
936c8613-6d98-4161-b253-856636527f52,sycamore.fund,resell,,,high,low,8,"DNSPod, Inc.",28/02/2025 15:15,28/02/2036 15:15,26/09/2026 09:28
c962d92a-fb9d-43e3-967f-01a665c23e38,chevron.fund,available,14.99,71.99,high,low,7,namesilo,,,24/09/2026 14:21
ea825e17-e8f9-4167-99aa-25517c11d811,telltale.fund,available,11.98,92.98,high,low,8,namecheap,,,11/09/2026 10:35
26b1fbab-4b84-41ab-953d-b735a85cee74,passee.fund,available,11.98,92.98,medium,low,6,namecheap,,,14/08/2026 01:19
8b386c9d-1df8-4d41-8f61-3e50fba60afb,hypertonic.fund,available,11.98,92.98,medium,low,10,namecheap,,,21/08/2026 16:56
1780224f-797f-48ad-bf07-facf41944e58,vicki.fund,available,14.99,71.99,medium,low,5,namesilo,,,29/09/2026 04:00
8b94b29c-a61e-41ed-9590-ffe7207a3a4f,signatures.fund,available,14.99,71.99,medium,low,10,namesilo,,,28/09/2026 23:59
e2136de6-00ff-4367-a3a7-0cb9b254c1b9,captured.fund,available,14.99,71.99,medium,low,8,namesilo,,,27/09/2026 02:07
b862d39d-e521-403d-be2a-5f7086b6450c,hire.fund,available,14.99,71.99,high,low,4,namesilo,,,24/09/2026 13:49
29c649b7-45cc-45fe-b4e2-569305840d10,keynesian.fund,available,11.98,92.98,medium,low,9,namecheap,,,22/08/2026 15:46
00b2c028-3567-4663-b1e0-7eee113aba67,nobble.fund,available,11.98,92.98,medium,low,6,namecheap,,,14/09/2026 07:56
2180dbaf-a03b-40ec-b1b5-e04b33075937,addresses.fund,available,15.99,,medium,low,9,name.com,,,
33ab45ff-eb94-4b47-b512-e5717fdfee13,bemidji.fund,available,14.99,71.99,medium,low,7,namesilo,,,23/09/2026 07:16
10d7b990-ea1e-4ad3-9b7b-5b3eba873c6f,marlowe.fund,available,10.55,57.13,medium,low,7,spaceship,,,28/09/2026 18:43
99b68bde-d45d-4a5b-afe4-ae387de51c14,transported.fund,available,14.99,71.99,medium,low,11,namesilo,,,16/09/2026 07:05
be57100a-1c90-470a-bdde-87f53b60c033,ingrid.fund,available,8.78,59.07,medium,low,6,dynadot,,,28/09/2026 16:32
9d57b231-4f8f-4437-baa2-023bbcee7d02,leathery.fund,available,11.98,92.98,medium,low,8,namecheap,,,13/08/2026 01:13
16253a81-993b-4426-a9de-3b36e96c3977,haphazard.fund,available,11.98,92.98,medium,low,9,namecheap,,,20/08/2026 23:46
420c4277-96bd-47e6-b225-bfb94e50e1d1,marburg.fund,available,10.55,57.13,medium,low,7,spaceship,,,29/09/2026 10:08
e4651879-6554-4926-9813-2a0b55456f32,colorfast.fund,available,11.98,92.98,medium,low,9,namecheap,,,12/08/2026 17:50
1e1c12d7-7aaa-46d5-b3cd-caec9e7134c8,seaman.fund,available,14.99,71.99,high,low,6,namesilo,,,30/09/2026 01:29
788063ba-8fa2-4e08-a248-df41e9d10d05,emoji.fund,available,15.99,,high,low,5,name.com,,,
5c40356e-b7aa-435f-b584-2fd6ed0f433d,miner.fund,resell,,,high,low,5,,,,29/09/2026 19:40
6bf5d99f-bbc1-43a2-9edf-c9fc7aad66fa,noaa.fund,available,14.99,71.99,high,low,4,namesilo,,,28/09/2026 02:28
c5e7787f-173d-4073-b860-ba76c2ac8a83,peanuts.fund,available,14.99,71.99,high,low,7,namesilo,,,28/09/2026 02:53
bd31b2d0-c3c2-49c0-a420-44e015a9eaea,pcr.fund,available,10.55,57.13,high,low,3,spaceship,,,28/09/2026 03:30
45e4a465-6f61-4b5a-94ca-d98f94930e6d,servant.fund,available,14.99,71.99,high,low,7,namesilo,,,25/09/2026 06:52
3d635101-b37c-4229-bf8f-a776eb06bd85,botanic.fund,available,11.98,92.98,high,low,7,namecheap,,,10/08/2026 20:46
5e868059-8e42-4025-ad74-6e9af263ea6f,timely.fund,available,11.98,92.98,high,low,6,namecheap,,,06/08/2026 10:08
682cec09-6727-4d86-a4e8-e56aef535aa0,mailed.fund,available,11.98,92.98,high,low,6,namecheap,,,24/08/2026 13:18
6b41acf0-2fc7-4b8a-91bb-bd5a1c46cabc,descendent.fund,available,11.98,92.98,medium,low,10,namecheap,,,14/08/2026 03:16
17efd730-0564-4287-9ec6-0528732ef8c2,resole.fund,available,11.98,92.98,medium,low,6,namecheap,,,10/09/2026 13:33
1ae29cfa-53cd-4035-b825-f92bbbe6b2f4,alerting.fund,available,14.99,71.99,high,low,8,namesilo,,,18/09/2026 05:27
7b224702-51b0-4145-ba56-fce0e7a47ba9,changer.fund,available,14.99,71.99,high,low,7,namesilo,,,21/09/2026 05:31
a86dd2da-7d1f-461e-ae89-2dc44a2b7d03,cincinnati.fund,premium,102.67,102.67,high,low,10,spaceship,,,29/09/2026 09:12
f4ab9a04-be90-4c30-a995-87e4b30a926e,fanned.fund,available,11.98,92.98,medium,low,6,namecheap,,,17/08/2026 22:09
9fd87adf-2dfb-4c62-8a6f-700763cd6bc1,towne.fund,available,8.78,59.07,medium,low,5,dynadot,,,29/09/2026 09:05
46981b82-64c3-4f33-bca1-acfadc922a22,birmingham.fund,premium,118.8,118.8,high,low,10,namesilo,,,11/08/2026 06:43
a7f1ec41-249f-4f2b-92af-4951b020a034,talking.fund,available,14.99,71.99,high,low,7,namesilo,,,25/09/2026 10:48
de0ba855-880d-4f24-9316-5db0ebfff5ad,smitten.fund,available,11.98,92.98,high,low,7,namecheap,,,16/08/2026 21:16
84aaf192-ddbe-4e9d-ad40-ff9aca0d908a,felicity.fund,available,55.2,55.2,high,low,8,cloudflare,,,29/09/2026 12:15
6811fcee-e8b0-43d6-ad0d-3f4a4f5ffe32,hardcover.fund,available,11.98,92.98,high,low,9,namecheap,,,21/08/2026 00:44
df6cc47c-0ade-4833-b7de-3ed9cd1ebe2d,sedulous.fund,available,11.98,92.98,medium,low,8,namecheap,,,07/08/2026 06:14
cbada6d0-4a1b-475e-8dd6-87ce59d58c55,invasive.fund,available,11.98,92.98,high,low,8,namecheap,,,16/08/2026 23:54
aaee061a-9c5b-40dc-9670-a3404fdf2337,alderfly.fund,available,11.98,92.98,medium,low,8,namecheap,,,18/09/2026 04:32
6730f554-61c4-4134-ba09-0965ae8ac349,weeping.fund,available,11.98,92.98,high,low,7,namecheap,,,12/08/2026 00:52
e4ff8618-5da9-415e-9dc8-163abe972717,donovan.fund,available,14.99,71.99,high,low,7,namesilo,,,28/09/2026 16:02
da028699-42bc-431d-b3a9-669247fb620a,overside.fund,available,11.98,92.98,medium,low,8,namecheap,,,15/09/2026 18:29
dbd4250b-7039-4ec7-9274-86b5f98ec8ae,kabul.fund,premium,,,high,low,5,,,,27/09/2026 12:08
2b7823cd-ecdf-46b4-953e-ad95dc078448,bazar.fund,available,11.98,92.98,high,low,5,namecheap,,,22/09/2026 18:23
7e55e7f6-d337-4d2d-b3f4-7b4fb66ceb13,motorsport.fund,resell,,,high,low,10,"Sav.com, LLC - 1",16/11/2025 15:15,16/11/2026 15:15,26/09/2026 07:39
30ae5993-806d-415a-85de-eab00c26bec3,rep.fund,premium,118.8,118.8,high,low,3,namesilo,,,
0ec43362-142b-4ab0-8e30-a91177822052,speculate.fund,available,10.55,57.13,high,low,9,spaceship,,,29/09/2026 11:01
d1bd8779-5734-4337-9ec0-835ade16272d,disastrous.fund,available,11.98,92.98,medium,low,10,namecheap,,,11/08/2026 13:30
0157f5b6-395b-48aa-a867-97169a7e490e,jaundice.fund,available,14.99,71.99,medium,low,8,namesilo,,,17/09/2026 03:10
7b21bc1a-db45-4441-aaf4-3c936a9e24cd,tamanoir.fund,available,14.99,71.99,medium,low,8,namesilo,,,19/09/2026 12:16
90d0daa7-b3eb-4ec6-8eef-9d9f6d90eac9,someway.fund,available,11.98,92.98,medium,low,7,namecheap,,,15/09/2026 06:46
60e61ea6-99d1-4ba8-a0b9-1c08f98e9450,guerrilla.fund,available,11.98,92.98,high,low,9,namecheap,,,22/08/2026 10:14
a90200ea-8d60-4945-bef8-b46e572e5f7d,scramble.fund,available,14.99,71.99,high,low,8,namesilo,,,24/09/2026 15:13
f0e22d74-5a11-4ea8-983f-a3ef2d215b0d,blowzy.fund,available,11.98,92.98,low,low,6,namecheap,,,10/08/2026 15:41
50456fef-f3c2-4cec-8cc1-2bed9f1601f0,impediment.fund,available,11.98,92.98,medium,low,10,namecheap,,,14/08/2026 04:53
cae8999e-4e04-423d-9b2f-ca0a88baebf3,submersed.fund,available,11.98,92.98,medium,low,9,namecheap,,,10/09/2026 23:32
275adadd-e50f-4873-9fea-b6a6de9e03cc,terracotta.fund,available,14.99,71.99,high,low,11,namesilo,,,17/09/2026 09:12
0fd566da-bc7a-4b17-9202-11a12aca91bd,durango.fund,available,55.2,55.2,high,low,7,cloudflare,,,28/09/2026 18:59
fb1d8984-e983-47aa-a648-4cb46bfc1d2c,mcmaster.fund,available,55.2,55.2,medium,low,8,cloudflare,,,29/09/2026 01:24
b2ca550a-34b1-460a-8227-9f53c77ad2d3,cetacean.fund,available,11.98,92.98,medium,low,8,namecheap,,,12/08/2026 01:02
bda01913-f400-4cfe-a06a-60c64dbe47d1,cooks.fund,available,10.55,57.13,medium,low,5,spaceship,,,29/09/2026 04:38
a03d0241-7d90-435e-abb8-f8a5d6fb0489,amateurs.fund,available,10.55,57.13,medium,low,8,spaceship,,,29/09/2026 00:10
2a77fdae-71c1-4113-87be-ea82830bb59f,antigenic.fund,available,11.98,92.98,medium,low,9,namecheap,,,
24ee3502-5fe8-4ce1-be0d-a3e824e024c7,wrecking.fund,available,55.2,55.2,medium,low,8,cloudflare,,,29/09/2026 19:31
25fcde34-8549-4570-a793-b328d68493ee,veer.fund,available,10.55,57.13,high,low,4,spaceship,,,27/09/2026 21:02
c9b4a064-8148-4054-b489-e60187396ed9,experimental.fund,available,,,high,low,12,,,,
b787f9ae-f639-4958-8c8e-902b1185cc41,weapons.fund,available,14.99,71.99,medium,low,7,namesilo,,,25/09/2026 17:10
dbdc8ffa-fe3d-4750-b28e-25a1f3d501b3,paige.fund,available,14.99,71.99,high,low,5,namesilo,,,27/09/2026 04:38
34a5f9b4-6d5f-4f0d-b1fd-be1843130aa1,chernobyl.fund,available,14.99,71.99,medium,low,9,namesilo,,,29/09/2026 11:54
ed5842aa-07cf-44ba-ab0b-5785477a20af,laxly.fund,available,11.98,92.98,low,low,5,namecheap,,,15/09/2026 11:08
a1527d16-5bab-4275-a29b-e75b37e0708d,unseeable.fund,available,11.98,92.98,medium,low,9,namecheap,,,22/08/2026 09:08
2ae20b39-4a91-44f9-bfea-3cd6a1cb887a,contents.fund,available,14.99,71.99,high,low,8,namesilo,,,29/09/2026 11:23
da63363e-a15e-4bfd-8915-9e4d51e3faba,sneezewort.fund,available,14.99,71.99,medium,low,10,namesilo,,,17/09/2026 00:38
3698aa5d-0a11-4020-85a1-320857a96334,implant.fund,available,10.55,57.13,high,low,7,spaceship,,,29/09/2026 13:06
fdb65e23-4d33-4652-97a3-e4d2469011e7,academics.fund,available,55.2,55.2,high,low,9,cloudflare,,,28/09/2026 05:28
a0a503fb-0fbd-4b66-8cd7-c08182f87f64,auditorium.fund,available,14.99,71.99,high,low,10,namesilo,,,21/09/2026 03:13
e2b35803-c47b-43f7-9abd-0c1025c8ef31,nose.fund,available,15.99,,high,low,4,name.com,,,
a9d8d4dd-83da-40b4-a2cf-72c3fa5c6307,logistics.fund,resell,,,high,low,9,"DNSPod, Inc.",16/06/2017 08:46,16/06/2027 08:46,28/09/2026 03:58
e8768423-def7-48e7-9967-6cbc7e6a7976,ames.fund,available,14.99,71.99,high,low,4,namesilo,,,25/09/2026 12:32
4b012cfe-1fc5-4fb2-8ac5-4ad3c5488e23,practiced.fund,available,14.99,71.99,high,low,9,namesilo,,,29/09/2026 02:32
0f38b1b8-7973-4804-9845-c4dc02903559,breakfast.fund,available,11.98,92.98,high,low,9,namecheap,,,04/09/2026 13:27
4fae84fa-ca5b-4bec-b350-e52c11d3b48c,abandoned.fund,available,14.99,71.99,high,low,9,namesilo,,,21/09/2026 13:36
f2cc1cd9-7165-4cd9-8097-c091efbbcc6e,hawkes.fund,available,10.55,57.13,high,low,6,spaceship,,,29/09/2026 15:44
a09458e0-5931-4607-b344-957a791189c0,ampicillin.fund,available,14.99,71.99,medium,low,10,namesilo,,,18/09/2026 23:35
cd6ca78a-24bd-4a17-a69f-86c1abfb23db,slithery.fund,available,11.98,92.98,medium,low,8,namecheap,,,10/09/2026 11:09
ba4b2b20-71c7-4713-823c-6943d1415e4d,backgrounds.fund,available,14.99,71.99,medium,low,11,namesilo,,,20/09/2026 22:12
be5d8a64-8bde-4991-b333-1e907fb95e4a,unbleached.fund,available,11.98,92.98,medium,low,10,namecheap,,,12/09/2026 02:04
a07ef4f6-5d6b-4a64-9632-ae641fe12d21,asmera.fund,available,11.98,92.98,medium,low,6,namecheap,,,20/09/2026 14:30
91cec2e9-d083-4f56-9896-fdab93db7a61,passcode.fund,available,15.99,,high,low,8,name.com,,,
933fd265-77a5-4b87-b9ad-6ec02c0a47e2,eustace.fund,available,8.78,59.07,medium,low,7,dynadot,,,29/09/2026 15:27
bd38b805-3b3e-431e-9410-7eeac0222379,catclaw.fund,available,14.99,71.99,medium,low,7,namesilo,,,23/09/2026 23:59
a409af5f-bf30-45a2-b01b-7d9e9735c321,quote.fund,available,14.99,71.99,high,low,5,namesilo,,,30/09/2026 00:19
afbeee90-bc3d-4b86-a662-8b67c9ba8b48,langley.fund,available,10.55,57.13,high,low,7,spaceship,,,28/09/2026 14:40
9179596d-c6ff-45a4-9f7b-5609774bdfb4,ambrosial.fund,available,11.98,92.98,medium,low,9,namecheap,,,
543958ac-4595-4bdf-b65c-aa3fecbde9b1,contain.fund,available,11.98,92.98,high,low,7,namecheap,,,24/09/2026 20:22
cc56ed22-5f6d-4ef6-9b95-ccdf70746d8a,ghoulish.fund,available,11.98,92.98,medium,low,8,namecheap,,,18/08/2026 23:21
4dd36d69-e285-44e5-bb99-927d3c1fe838,senile.fund,available,11.98,92.98,medium,low,6,namecheap,,,14/08/2026 14:36
aef6b436-6ba8-4f53-88e0-c115a2c0d130,aspic.fund,available,14.99,71.99,medium,low,5,namesilo,,,20/09/2026 15:11
3c0c43ce-fd71-43de-9be4-08c2400517fb,flattered.fund,available,8.78,59.07,high,low,9,dynadot,,,29/09/2026 14:41
3fb8d5f9-8ce8-4416-84c0-cd9f954caa6f,weekly.fund,available,11.98,92.98,high,low,6,namecheap,,,21/08/2026 05:36
a150fcf6-d0c3-4f35-8f39-ebbae3fb9558,acting.fund,available,14.99,71.99,high,low,6,namesilo,,,21/09/2026 16:22
6e50cbd9-c22a-4ffb-8dd7-bdaab48cf430,matey.fund,available,11.98,92.98,medium,low,5,namecheap,,,12/08/2026 07:40
68d43ae0-3acc-4d52-a74c-0224b47b4fe6,lexically.fund,available,11.98,92.98,medium,low,9,namecheap,,,15/09/2026 11:16
9832ad04-5d4f-4a74-a9b5-2bbc3336d9a9,balloons.fund,available,10.55,57.13,medium,low,8,spaceship,,,28/09/2026 18:12
24c09fce-81dd-4c4d-8bd3-6ce43e6f3b41,mcleod.fund,available,14.99,71.99,high,low,6,namesilo,,,27/09/2026 06:53
14a58c8b-39bd-401d-973c-abeb2a708ae4,prosecution.fund,available,15.99,,high,low,11,name.com,,,
14f968ed-0f23-4824-8ac6-9ec62f50eba6,peasants.fund,available,14.99,71.99,low,low,8,namesilo,,,28/09/2026 23:24
a56d2112-8912-45ac-ac85-8e1cd17c8732,humming.fund,available,11.98,92.98,high,low,7,namecheap,,,29/09/2026 07:18
a8121ea2-79f0-4382-979a-7c2900a472ea,fishing.fund,premium,118.8,118.8,high,low,7,namesilo,,,27/09/2026 03:59
8b64bce8-ee92-435a-8a38-be275623dbef,appears.fund,available,11.98,92.98,medium,low,7,namecheap,,,25/09/2026 20:18
544f1a9e-2c39-4c29-a08a-d23cf6c98ebc,chores.fund,available,11.98,92.98,medium,low,6,namecheap,,,29/09/2026 17:46
42dc811e-8b01-4b86-b35b-db6732f762d0,looking.fund,available,14.99,71.99,high,low,7,namesilo,,,25/09/2026 14:19
2eea9880-9bf8-41e7-97a8-106b11888576,bland.fund,available,14.99,71.99,medium,low,5,namesilo,,,22/09/2026 21:44
3dace399-9aa9-4a70-a534-8c782fedf693,multilingual.fund,available,8.78,59.07,high,low,12,dynadot,,,29/09/2026 20:52
4e47180e-7379-40b7-813c-70838bc5f54a,twit.fund,available,11.98,92.98,high,low,4,namecheap,,,11/09/2026 09:11
9791590a-b631-4ed4-a9f3-1b0818e02184,insults.fund,available,10.55,57.13,low,low,7,spaceship,,,29/09/2026 11:09
bef92118-6117-4bf3-92b5-76f1e11236f7,wiggly.fund,available,11.98,92.98,high,low,6,namecheap,,,10/09/2026 08:40
a01756e0-6670-456f-85a3-68eab49be410,dicky.fund,available,11.98,92.98,medium,low,5,namecheap,,,14/08/2026 06:27
d408b7af-471d-49e9-8a0f-8344719c9c5f,lhasa.fund,available,14.99,71.99,high,low,5,namesilo,,,24/09/2026 12:27
2e16d2d0-43a3-4aaf-b7ba-b53955f0386c,members.fund,available,14.99,71.99,high,low,7,namesilo,,,25/09/2026 17:16
ce4f3dc1-07bf-4b4f-87ae-7e5dc3b3717a,bratty.fund,available,11.98,92.98,medium,low,6,namecheap,,,11/08/2026 02:37
0e186c77-0cf5-4263-8899-2da0b8005e54,affixal.fund,available,11.98,92.98,medium,low,7,namecheap,,,
af085514-dd44-49cc-9386-aefd6328dd80,birth.fund,resell,,,high,low,5,"DNSPod, Inc.",29/08/2019 11:24,29/08/2027 11:24,29/09/2026 02:50
760b5660-76a0-4e81-910c-cb612af82192,satan.fund,available,55.2,55.2,high,low,5,cloudflare,,,29/09/2026 01:53
2106db54-903d-4d69-9a2f-15b7f29134bf,propensity.fund,available,11.98,92.98,high,low,10,namecheap,,,22/08/2026 22:09
fb6a1a5d-31e8-4db0-bb04-17a6e69f9a59,humanities.fund,available,10.55,57.13,high,low,10,spaceship,,,28/09/2026 22:20
8034083e-6e09-48c3-881e-97b47e3c5ac9,hemic.fund,available,11.98,92.98,low,low,5,namecheap,,,20/08/2026 21:49
17555d90-202e-4153-84ff-1b2c8e5c350a,reichstag.fund,available,55.2,55.2,medium,low,9,cloudflare,,,28/09/2026 16:30
6b70467d-672b-428c-a52e-f216b05996f2,wondrous.fund,available,14.99,71.99,high,low,8,namesilo,,,25/09/2026 00:25
ca8c7a8d-013d-41f2-a887-0596d5cb5483,unsure.fund,available,11.98,92.98,medium,low,6,namecheap,,,22/08/2026 01:08
0003eda2-9534-41d7-adf6-5dd314735315,explode.fund,available,11.98,92.98,high,low,7,namecheap,,,27/09/2026 16:32
fc6c0d05-e44d-494d-b0c6-3bd45cc35821,diver.fund,available,8.75,57.16,high,low,5,porkbun,,,29/09/2026 00:40
3be55aa7-863d-4a77-9476-8c30648082ea,energizing.fund,available,11.98,92.98,high,low,10,namecheap,,,
3e068677-fa41-40a2-b3fc-5ef38baba8d7,ludlow.fund,available,14.99,71.99,high,low,6,namesilo,,,27/09/2026 23:11
f512ecb3-74ab-4e22-bf5b-bdf30af61f35,hempen.fund,available,11.98,92.98,medium,low,6,namecheap,,,18/08/2026 03:20
ea94126e-056c-45a0-bd87-b31966fcc823,permission.fund,available,14.99,71.99,high,low,10,namesilo,,,25/09/2026 09:53
c513da3d-cdf8-4736-84f0-3b4897ce3b84,attire.fund,available,14.99,71.99,high,low,6,namesilo,,,21/09/2026 01:52
63dda1cb-e7ef-4675-af43-0d5378cab099,sawtooth.fund,available,15.99,,medium,low,9,name.com,,,
413928df-fadf-468b-bb16-605448bc1c8e,cummings.fund,available,14.99,71.99,medium,low,8,namesilo,,,25/09/2026 04:27
49818dcc-e9df-4c90-947f-e8e615d50f6e,fenestral.fund,available,11.98,92.98,medium,low,9,namecheap,,,18/08/2026 01:09
18223a61-d5e2-41da-bb34-61430d032747,schumann.fund,available,10.55,57.13,high,low,8,spaceship,,,28/09/2026 05:27
d0be8ec0-02bb-4b75-b252-8b1f09f9ac8b,socialized.fund,available,11.98,92.98,medium,low,10,namecheap,,,10/09/2026 13:12
3dc8d29a-ef72-4ba2-9c08-6a11286200d2,countess.fund,available,11.98,92.98,medium,low,8,namecheap,,,28/09/2026 13:48
b51151b0-37fe-4013-bcad-0e0f575877a3,bowel.fund,available,14.99,71.99,medium,low,5,namesilo,,,29/09/2026 06:08
e7ba1ed8-fb2b-43fb-8017-36c9f64e712e,jurisdiction.fund,available,14.99,71.99,high,low,12,namesilo,,,28/09/2026 22:34
d6ea8227-94b2-4faf-82a5-5302e7361a24,foodie.fund,available,11.98,92.98,high,low,6,namecheap,,,17/08/2026 10:47
76169c76-b32f-45c7-bddd-7252a77b05df,knows.fund,available,14.99,71.99,medium,low,5,namesilo,,,28/09/2026 10:33
30e186c5-2de3-4959-8cc9-75a9347a1e72,astreus.fund,available,14.99,71.99,medium,low,7,namesilo,,,20/09/2026 17:34
651fcef6-e5ed-4813-af5e-30d01a46b060,benne.fund,available,14.99,71.99,medium,low,5,namesilo,,,23/09/2026 08:27
c70586e4-3b93-464b-b101-c1934ba6ed66,virtues.fund,available,55.2,55.2,high,low,7,cloudflare,,,29/09/2026 16:33
07e81edd-d008-4f62-b429-949f758b8cfd,infection.fund,available,11.98,92.98,medium,low,9,namecheap,,,27/09/2026 04:34
c0093efc-a4c9-4645-98de-79d3c496d844,paralysis.fund,available,14.99,71.99,high,low,9,namesilo,,,29/09/2026 13:39
49d602ae-aa0c-4416-accc-6fe23ff2db53,agaric.fund,available,14.99,71.99,medium,low,6,namesilo,,,17/09/2026 16:17
1802a36a-539a-4e46-a833-5c56cfe791ff,knew.fund,available,15.99,,medium,low,4,name.com,,,
2417c54a-26d1-445f-85b6-3c2552b24672,reactions.fund,available,14.99,71.99,medium,low,9,namesilo,,,29/09/2026 05:35
122c393a-b36d-484a-a7b0-636541c071c7,hushed.fund,available,11.98,92.98,medium,low,6,namecheap,,,21/08/2026 15:54
adfddcdf-07b9-4026-878f-f325e613da52,unwonted.fund,available,11.98,92.98,low,low,8,namecheap,,,12/09/2026 22:48
120f53ae-5190-4bd0-acf6-3a8af2cbd59f,agdistis.fund,available,14.99,71.99,medium,low,8,namesilo,,,17/09/2026 16:43
7b4f06fe-7b04-47e3-aea6-49d56cabd569,portsmouth.fund,available,11.98,92.98,high,low,10,namecheap,,,25/09/2026 10:02
5e3d7dbc-0585-40c3-acc1-ac0e8e18adac,subgroup.fund,available,10.55,57.13,medium,low,8,spaceship,,,28/09/2026 15:24
edba5171-8e43-431e-97e2-fb10d44f5995,cables.fund,available,14.99,71.99,medium,low,6,namesilo,,,17/09/2026 12:09
dfb0dd76-988f-4326-a5aa-9e50a7c4020a,sightly.fund,available,11.98,92.98,medium,low,7,namecheap,,,10/08/2026 18:49
92051df2-ad9a-4ff6-bb4e-5ffd80180eb0,cursorial.fund,available,11.98,92.98,medium,low,9,namecheap,,,13/08/2026 11:40
4271272b-a621-4f26-ab8e-3d5556058396,submitted.fund,available,8.78,59.07,medium,low,9,dynadot,,,29/09/2026 10:53
beab0f4a-8763-4d53-b3e2-aa2b8d80a400,unmarked.fund,available,11.98,92.98,medium,low,8,namecheap,,,04/09/2026 21:06
7419a4dc-ebe8-4c72-b693-031e20f6d2c0,mothafucka.fund,available,15.99,,medium,low,10,name.com,,,
b1a2aca7-d320-4906-ac24-1b3d4e953739,siding.fund,available,10.55,57.13,high,low,6,spaceship,,,29/09/2026 20:06
ea427f73-5a8a-455e-aca2-eb80cebcd2bb,aquino.fund,available,8.78,59.07,medium,low,6,dynadot,,,28/09/2026 22:09
6603209d-295f-4f0e-b0f3-ad527a10800a,blown.fund,available,11.98,92.98,high,low,5,namecheap,,,10/08/2026 15:36
7abef225-845e-414a-b774-8bdb6a9f1ea0,epiphyte.fund,available,14.99,71.99,medium,low,8,namesilo,,,17/09/2026 13:14
a754ad3e-8e5f-4e1f-be8f-c97008a453f0,biplane.fund,available,15.99,92.99,high,low,7,name.com,,,23/09/2026 19:18
55a84661-e887-4806-a24c-058d472d0c00,katari.fund,available,11.98,92.98,medium,low,6,namecheap,,,22/08/2026 15:12
77a3de61-dc5b-42af-8366-e0aa9634e7e2,cord.fund,available,10.55,57.13,high,low,4,spaceship,,,29/09/2026 11:36
48e87816-108a-491c-b17d-49e158ebec55,alkalic.fund,available,11.98,92.98,medium,low,7,namecheap,,,
bf075336-924f-480d-9ea9-e5957800bb57,camps.fund,available,8.75,57.16,medium,low,5,porkbun,,,28/09/2026 18:04
e715fd95-ea1b-4810-8785-8a196475b65b,scentless.fund,available,11.98,92.98,medium,low,9,namecheap,,,09/09/2026 23:00
3aac75f1-4e59-4874-bf49-4877189fa9fa,upstate.fund,available,14.99,71.99,high,low,7,namesilo,,,16/09/2026 10:25
fde3754e-12c4-4c24-a426-3036830e5e2f,apraxia.fund,available,11.98,92.98,medium,low,7,namecheap,,,19/09/2026 22:29
b2e5e265-d464-4eeb-b6d9-881a76778e59,playable.fund,available,11.98,92.98,high,low,8,namecheap,,,08/09/2026 20:57
b81bcd7e-a359-413b-ad6b-2cb5750440a8,genial.fund,available,14.99,71.99,high,low,6,namesilo,,,21/09/2026 21:42
af8be65c-ce93-47dd-bc79-05b68b46a3c1,amharic.fund,available,11.98,92.98,medium,low,7,namecheap,,,
2efff2bb-fc39-421e-92cf-4a68d11449cc,hilarious.fund,available,11.98,92.98,high,low,9,namecheap,,,21/08/2026 09:21
b7d10713-ca30-4bb3-a0cf-ea959b8fea93,bpm.fund,available,14.99,71.99,high,low,3,namesilo,,,22/09/2026 21:53
0233eb1d-170e-4691-a3a5-9428af712515,overmuch.fund,available,11.98,92.98,medium,low,8,namecheap,,,04/09/2026 21:13
f76ef824-8cdc-4d80-a54f-cc1fd705b83a,corporal.fund,available,11.98,92.98,high,low,8,namecheap,,,13/08/2026 01:52
5f34a069-cf7e-453e-9029-632e2c827a7a,habilitate.fund,available,11.98,92.98,medium,low,10,namecheap,,,19/09/2026 20:06
8b056da6-180b-4b92-b4b2-585ca1214d6b,yellow.fund,resell,,,high,medium,6,"GoDaddy.com, LLC",31/03/2015 20:09,31/03/2030 20:09,26/09/2026 10:15
41591453-b143-4605-9603-14d9bd302d55,forecast.fund,available,14.99,71.99,high,low,8,namesilo,,,21/09/2026 03:40
e63fadef-0fa6-4e4f-aabf-20928ceb0a47,stabbing.fund,available,11.98,92.98,medium,low,8,namecheap,,,22/08/2026 19:19
cff2984b-cca9-4602-94e9-44fb0d8039cf,sound.fund,resell,,,high,medium,5,"DNSPod, Inc.",19/05/2019 08:17,19/05/2027 08:17,26/09/2026 09:10
5f78ccfc-4403-4907-8044-e01358aa064b,performing.fund,premium,250,250,high,low,10,name.com,,,
9f42adb8-57d5-451d-807a-f6b11fb319fd,blackbeard.fund,available,11.98,92.98,medium,low,10,namecheap,,,24/09/2026 02:06
03a0afb1-4014-4c21-84a8-917b8dd4a38e,transmission.fund,available,14.99,71.99,high,low,12,namesilo,,,27/09/2026 08:37
91fd4e5c-fe66-4c28-94ff-add9d9e10e5d,endicott.fund,available,14.99,71.99,medium,low,8,namesilo,,,30/09/2026 01:32
c53a4075-eaa3-4b69-83ed-7bb555b4419b,cruddy.fund,available,11.98,92.98,medium,low,6,namecheap,,,13/08/2026 08:44
c77e286d-8947-4871-8dc5-5808158a43e4,steinberg.fund,available,14.99,71.99,medium,low,9,namesilo,,,28/09/2026 10:52
2752c702-7437-48d6-884a-0acd8d7804b8,cunning.fund,available,14.99,71.99,high,low,7,namesilo,,,24/09/2026 01:26
17b7f742-5fcf-489e-8014-7a9285a76cf7,demolished.fund,available,11.98,92.98,medium,low,10,namecheap,,,14/08/2026 01:21
faf6e109-00f2-41b1-a40a-6d2b6a14d680,iatrogenic.fund,available,11.98,92.98,medium,low,10,namecheap,,,21/08/2026 17:30
f218bc40-630f-4807-b466-6acca8be4368,endowment.fund,resell,,,high,low,9,,,,29/09/2026 18:11
b2962e52-9794-43f0-9f93-18e4b707bf31,incite.fund,available,11.98,92.98,high,low,6,namecheap,,,09/09/2026 03:18
59c25d4a-b181-4755-919b-b58e39adff2d,assemblage.fund,available,14.99,71.99,high,low,10,namesilo,,,17/09/2026 17:28
696deed6-4c27-4ff7-9622-2c7fd0ae98b6,dishonor.fund,available,11.98,92.98,high,low,8,namecheap,,,29/09/2026 15:45
c6f48893-faa1-41b6-a7e7-125b000afc8c,clonal.fund,available,11.98,92.98,medium,low,6,namecheap,,,12/08/2026 12:01
0a62e7f0-3126-4ba0-a1f1-6e4f16b5e306,romano.fund,available,14.99,71.99,high,low,6,namesilo,,,29/09/2026 10:38
e0aac9ef-cf79-44a9-88d9-770a833dc520,part.fund,resell,,,high,low,4,"GoDaddy.com, LLC",10/12/2019 23:23,10/12/2026 23:23,26/09/2026 08:02
ca487095-2900-4b11-9c58-fda85a2518f4,concerts.fund,available,14.99,71.99,high,low,8,namesilo,,,20/09/2026 13:34
e0d515c9-5d7a-4168-baeb-6975b3807ed9,anorgasmia.fund,available,11.98,92.98,medium,low,10,namecheap,,,19/09/2026 11:47
ae9b5171-b7dc-454a-8dd5-baca6e92585f,chiefly.fund,available,14.99,71.99,high,low,7,namesilo,,,25/09/2026 05:59
9e7d7770-efa6-4979-bb8b-f6b43b2f6d30,decides.fund,available,11.98,92.98,medium,low,7,namecheap,,,20/09/2026 06:39
1fedbe3f-202e-4667-a490-ce2f472459cd,nourishing.fund,available,11.98,92.98,high,low,10,namecheap,,,19/09/2026 17:50
d69a9bf7-5e8d-4f74-bcf1-030f59d5553b,telescopic.fund,available,11.98,92.98,medium,low,10,namecheap,,,11/09/2026 10:24
5a5aa14d-0277-45b6-a3aa-9966bcedc1f5,curtis.fund,resell,,,high,low,6,"DNSPod, Inc.",21/11/2024 17:00,21/11/2027 17:00,26/09/2026 05:22
7b432e86-ce54-46e7-a094-28f094b845db,download.fund,premium,242,242,high,low,8,namesilo,,,28/09/2026 06:58
eb58277c-7116-42d9-aa44-f7bfcc38a648,grove.fund,resell,,,high,low,5,,,,28/09/2026 09:58
a2a623a5-08a3-4058-9b18-b64644003196,waverly.fund,available,10.55,57.13,medium,low,7,spaceship,,,29/09/2026 10:04
287a47cd-6fd8-40f6-915d-2f60df2eafbd,flaming.fund,available,11.98,92.98,high,low,7,namecheap,,,18/08/2026 06:30
2048ebf8-0ad7-486b-92be-7fab6d55a0d5,met.fund,premium,,,high,low,3,,,,27/09/2026 17:23
f3f0a60e-9ea0-461f-94a7-c7b92ba1164e,doubles.fund,available,55.2,55.2,high,low,7,cloudflare,,,28/09/2026 18:58
bc758d94-b417-40e1-b494-cbc607eccd3e,turnovers.fund,available,14.99,71.99,medium,low,9,namesilo,,,19/09/2026 22:02
9b707559-3be7-4bbc-b6f3-1f1c5fab9e31,orchestral.fund,available,11.98,92.98,high,low,10,namecheap,,,04/09/2026 17:42
03f1167f-e5ae-47ea-8e1c-a23700c4b272,paschal.fund,available,11.98,92.98,medium,low,7,namecheap,,,08/09/2026 02:20
d953de60-b472-4973-ad4b-15eb855df7c7,affirmed.fund,available,14.99,71.99,high,low,8,namesilo,,,17/09/2026 14:27
65711728-6103-4ed4-b005-12aec19eb828,nilotic.fund,available,11.98,92.98,medium,low,7,namecheap,,,03/09/2026 17:26
5fc162fb-8878-4170-8c82-657fd9c98df4,unused.fund,available,14.99,71.99,medium,low,6,namesilo,,,28/09/2026 09:50
625c4799-f6d4-4ad1-8aa6-5bb567980544,imagery.fund,available,55.2,55.2,high,low,7,cloudflare,,,29/09/2026 19:16
59991d18-ea99-45af-b375-9a8988117a0f,pillock.fund,available,11.98,92.98,low,low,7,namecheap,,,10/09/2026 23:13
478deab7-4303-4ec0-a528-84e1d227c47c,feminist.fund,resell,,,high,low,8,"DNSPod, Inc.",19/08/2024 17:00,19/08/2027 17:00,26/09/2026 06:03
42230672-3526-4807-864a-ffc2f88a2c4b,schoolwide.fund,available,11.98,92.98,medium,low,10,namecheap,,,09/09/2026 23:18
22475807-9955-4e74-b4fb-009bf5d294a2,crazed.fund,available,11.98,92.98,medium,low,6,namecheap,,,13/08/2026 05:31
b898321d-2a6c-4883-bde8-ccb593957dc3,sticky.fund,available,11.98,92.98,high,low,6,namecheap,,,16/08/2026 07:55
c9f912cd-6ca5-4040-944d-b466cac7d162,princeton.fund,available,14.99,71.99,high,low,9,namesilo,,,28/09/2026 10:45
4cf98e3a-7fc7-4f25-8eeb-431026002a4c,annotated.fund,available,15.99,,high,low,9,name.com,,,
53806e33-57d4-4f30-8dc4-d45f528e6ccf,mitigated.fund,available,11.98,92.98,medium,low,9,namecheap,,,25/08/2026 02:06
43009f5e-b1c3-4f5c-95ab-2306c8c941d3,terrifies.fund,available,14.99,71.99,low,low,9,namesilo,,,18/09/2026 07:37
5fa575b7-e453-48ca-aef0-7046367eb288,galway.fund,available,14.99,71.99,high,low,6,namesilo,,,28/09/2026 09:51
957cf800-e7e3-4791-8579-d6ade2cd751d,joke.fund,available,11.98,92.98,high,low,4,namecheap,,,22/09/2026 06:20
8bf13833-66e3-489d-b9e0-2a243e47f97c,stagnant.fund,available,11.98,92.98,medium,low,8,namecheap,,,25/08/2026 06:25
39185596-2fd8-42d3-876b-19ebbae8cd65,sensing.fund,available,55.2,55.2,high,low,7,cloudflare,,,29/09/2026 14:15
a8230edc-6022-4f04-9eb0-5101b9579f83,israeli.fund,available,11.98,92.98,high,low,7,namecheap,,,22/08/2026 11:32
4354f82a-cc84-444e-bd98-47002641b39a,equid.fund,available,11.98,92.98,medium,low,5,namecheap,,,17/08/2026 11:47
6d4c1d54-f452-4d12-9fde-80f312ad473b,kurds.fund,available,14.99,71.99,medium,low,5,namesilo,,,28/09/2026 05:10
2b1a0348-ec77-49fb-8a39-e6090a0f4638,wrote.fund,available,15.99,,medium,low,5,name.com,,,
4d02da38-35ac-49e5-b396-cb9406c5d575,lax.fund,premium,84.99,82.5,high,low,3,name.com,,,22/08/2026 21:22
cefd1344-2d45-4761-954e-25ed772943e2,dozy.fund,available,11.98,92.98,medium,low,4,namecheap,,,14/08/2026 18:06
b8c611c1-c75e-4d13-b4d8-190c7c733fe6,thompson.fund,available,14.99,71.99,high,low,8,namesilo,,,23/09/2026 08:26
21aa00eb-bc40-4fcd-b157-640b68fedb9f,compliment.fund,available,14.99,71.99,high,low,10,namesilo,,,24/09/2026 16:50
3b441e86-58a1-470e-beb2-4001aeb1ad53,salazar.fund,available,14.99,71.99,medium,low,7,namesilo,,,28/09/2026 12:15
b022e7ed-8527-4be2-9d7b-4e3bb0c9e137,perceive.fund,available,14.99,71.99,high,low,8,namesilo,,,29/09/2026 20:45
17a1b868-4f09-4fbb-b844-df3f99b538bd,diplomate.fund,available,8.75,57.16,high,low,9,porkbun,,,29/09/2026 15:07
2388e0ba-368b-415d-b6be-9832cd12b108,allows.fund,available,10.55,57.13,medium,low,6,spaceship,,,28/09/2026 08:44
7e2dc621-3132-47b6-8942-27d0cd21e850,awakened.fund,available,14.99,71.99,high,low,8,namesilo,,,22/09/2026 14:47
564fe79b-d81d-441f-b53e-84947b84cdfd,algin.fund,available,14.99,71.99,medium,low,5,namesilo,,,18/09/2026 07:04
043bdb68-4b96-4d6d-8ba5-faacd38613e8,pendent.fund,available,11.98,92.98,medium,low,7,namecheap,,,08/09/2026 14:07
64a0b80c-d837-497a-96a9-621d509683cb,ornamental.fund,available,11.98,92.98,high,low,10,namecheap,,,13/08/2026 02:53
ca041147-ff76-41d2-91fe-f605b11b7b18,phase.fund,available,15.99,,high,low,5,name.com,,,
d8b87c78-69cd-48bc-82a8-64b2bf2927ca,whale.fund,resell,,,high,low,5,"Xiamen ChinaSource Internet Service Co., Ltd",16/06/2019 08:12,16/06/2027 08:12,29/09/2026 23:18
3647ecbc-3652-43e3-84cb-bceb9ddc5454,damn.fund,available,11.98,92.98,high,low,4,namecheap,,,22/09/2026 00:35
0de4ff36-006a-4287-ac39-d11a07026aa4,pittsburgh.fund,premium,118.8,118.8,high,low,10,namesilo,,,
ece0facf-4eba-4a5c-8aca-51726352ae2f,calculations.fund,available,14.99,71.99,high,low,12,namesilo,,,17/09/2026 02:07
90d54a2a-9eb4-4442-b57a-f244d852dfa1,evenfall.fund,available,11.98,92.98,medium,low,8,namecheap,,,11/09/2026 21:46
33ecaec1-bd45-44d7-97ea-9e2b45fd1d6b,masterly.fund,available,11.98,92.98,high,low,8,namecheap,,,23/09/2026 21:40
dd02fb6b-d31f-456f-9f1d-a37fb8c41e3b,ounces.fund,available,14.99,71.99,medium,low,6,namesilo,,,16/09/2026 11:16
0e6edd47-00f1-45ea-969e-baf56ecfe853,almanac.fund,available,14.99,71.99,high,low,7,namesilo,,,18/09/2026 12:28
4bcb1695-8fd7-45f7-9640-09e4177cf4d7,cedric.fund,available,8.75,57.16,medium,low,6,porkbun,,,29/09/2026 11:42
db552a7b-02e5-468d-8875-3e3cbebc4a5d,numb.fund,available,11.98,92.98,medium,low,4,namecheap,,,22/09/2026 19:39
72a5bc1d-1c82-4e70-91a7-b38b550e29e9,reich.fund,available,10.55,57.13,high,low,5,spaceship,,,29/09/2026 02:01
9fddb640-765e-4162-8633-88da08bd25ce,blatant.fund,available,11.98,92.98,medium,low,7,namecheap,,,10/08/2026 13:31
279fc2af-77ac-41dc-a3ab-6fa9b875315f,hits.fund,available,14.99,71.99,high,low,4,namesilo,,,19/09/2026 23:53
0c90e4a4-9c3e-4cde-b190-e0be142370bd,acarpous.fund,available,11.98,92.98,medium,low,8,namecheap,,,
e2b8b1a7-fb2b-4f0a-a803-e21c6eb7d0f9,desperately.fund,available,11.98,92.98,medium,low,11,namecheap,,,28/09/2026 07:05
5079c3b4-4c4e-4e85-8e02-240ebdff564d,rotated.fund,available,55.2,55.2,high,low,7,cloudflare,,,27/09/2026 14:36
d7050a87-bf26-4100-8427-d20638203457,godzilla.fund,available,,,high,medium,8,,,,
21497828-70d4-4844-bc1b-bd90138a3d27,explicable.fund,available,11.98,92.98,medium,low,10,namecheap,,,17/08/2026 18:23
e7e817b4-1a67-4333-969f-9cf0ee290490,rival.fund,available,10.55,57.13,high,low,5,spaceship,,,28/09/2026 05:26
52cbdc5d-9232-404b-bf88-49a11ed8a6a6,lighthouse.fund,resell,,,high,medium,10,"DNSPod, Inc.",31/12/2020 19:50,31/12/2031 19:50,26/09/2026 07:14
9dc3bfbb-1a4e-4156-b04d-a4ed965c6abe,tacit.fund,available,11.98,92.98,high,low,5,namecheap,,,11/09/2026 06:56
22257fb5-6f30-43ad-8054-b7d81b691b56,anointing.fund,available,14.99,71.99,high,low,9,namesilo,,,19/09/2026 11:19
eaaba728-5de5-4966-8bd2-614c7d23a576,prestige.fund,resell,,,high,low,8,,,,29/09/2026 07:53
ccd428ea-8267-4a99-8d5d-a7bbff676b28,bhaga.fund,available,11.98,92.98,medium,low,5,namecheap,,,23/09/2026 12:29
6f5a2ad8-018f-4557-b3ad-c45878e220d1,lyme.fund,available,55.2,55.2,high,low,4,cloudflare,,,28/09/2026 21:33
e8cbb776-f640-4602-8f40-9bb6fc59d864,arrived.fund,available,14.99,71.99,medium,low,7,namesilo,,,17/09/2026 14:03
6abafa38-cef7-4085-a670-359d81702a47,sessile.fund,available,11.98,92.98,medium,low,7,namecheap,,,10/09/2026 04:59
2095a3f0-7c4d-4535-b61c-40b72175a2fa,trumpery.fund,available,11.98,92.98,medium,low,8,namecheap,,,18/08/2026 23:50
f56838d6-d9f7-400e-b6f4-f0677c1c778a,autotomic.fund,available,11.98,92.98,medium,low,9,namecheap,,,07/08/2026 21:13
5520beaa-a051-4084-992c-5708af26d23f,dewey.fund,available,14.99,71.99,high,low,5,namesilo,,,17/09/2026 08:48
cc9ccfb8-1a9e-455c-9471-546eeab0cfcb,cosigner.fund,available,11.98,92.98,high,low,8,namecheap,,,13/08/2026 02:49
810abe39-a63c-47d4-9ecf-a34678478495,windflower.fund,available,14.99,71.99,high,low,10,namesilo,,,19/09/2026 05:19
df1f7045-ecbf-4aa9-aaba-5c2959961cff,kwh.fund,available,14.99,71.99,medium,low,3,namesilo,,,28/09/2026 07:34
6e11b190-98cd-41f4-950f-9124446858c2,mes.fund,premium,118.8,118.8,high,low,3,namesilo,,,29/09/2026 16:28
8361700e-3405-4c47-a40d-7b39032d4cba,faustian.fund,available,11.98,92.98,medium,low,8,namecheap,,,18/08/2026 00:10
a7f42c06-35a4-41c4-9c07-b8b0aaf9800f,lectures.fund,available,8.78,59.07,low,low,8,dynadot,,,29/09/2026 05:25
de887588-56bc-43dc-9c46-f24adf1e317d,dutchess.fund,available,8.75,57.16,high,low,8,porkbun,,,29/09/2026 21:34
20463bf0-fb4d-4dc9-b344-88ac01bb27b9,chestnuts.fund,available,14.99,71.99,medium,low,9,namesilo,,,20/09/2026 20:45
9f784d2b-227c-454f-81f8-bd9d227bd5d9,jerusalem.fund,resell,,,high,low,9,,,,28/09/2026 09:14
57c9811a-e9d7-43d6-919d-cbed231db43e,barbican.fund,available,11.98,92.98,medium,low,8,namecheap,,,22/09/2026 04:18
7b18772f-9e0c-4e85-8d5e-d41622556498,risible.fund,available,11.98,92.98,medium,low,7,namecheap,,,12/08/2026 19:02
98ad808d-898c-4479-ae0e-6158b3bfa125,judah.fund,available,14.99,71.99,medium,low,5,namesilo,,,29/09/2026 01:27
b795a523-af11-4fed-9515-01a7bd02b080,derived.fund,available,11.98,92.98,medium,low,7,namecheap,,,14/08/2026 03:07
41ef6ad7-7cb4-40ac-ae20-26d0cc736357,grandly.fund,available,11.98,92.98,medium,low,7,namecheap,,,14/09/2026 22:02
97ba3d50-c588-46f4-9abd-bf30a977d9e3,anticlimax.fund,available,14.99,71.99,medium,low,10,namesilo,,,19/09/2026 14:16
10a0b24c-d689-4c37-8fc4-ed8aa3860a7f,necessary.fund,available,14.99,71.99,high,low,9,namesilo,,,24/09/2026 15:21
4db0b1a8-c642-4628-96db-85a6046e32bb,regionally.fund,available,11.98,92.98,medium,low,10,namecheap,,,15/09/2026 22:57
efe58cc4-1a00-4fd4-8e6c-22caf3bd6dba,batrachian.fund,available,11.98,92.98,medium,low,10,namecheap,,,05/08/2026 20:53
2cfec68b-1477-4587-a8b2-e9f61ab2e5d6,tilted.fund,available,11.98,92.98,high,low,6,namecheap,,,07/08/2026 13:29
4d7ba438-4261-4327-a9ce-7c96fa15064b,apostrophe.fund,available,11.98,92.98,high,low,10,namecheap,,,19/09/2026 19:30
f4a183a2-5ea3-4cbb-b912-0d6c381bf979,togged.fund,available,11.98,92.98,medium,low,6,namecheap,,,11/09/2026 16:44
6144d10e-9921-4eba-93e4-6bab3352b4ed,objection.fund,available,14.99,71.99,high,low,9,namesilo,,,25/09/2026 22:40
e96362f6-17cd-4b71-a5b1-25047cc5d513,cursively.fund,available,11.98,92.98,medium,low,9,namecheap,,,14/09/2026 10:07
004f8659-4524-4112-b54b-48e88f59a067,amazement.fund,available,14.99,71.99,high,low,9,namesilo,,,18/09/2026 16:18
0a0d55bf-930e-425f-aa0a-cf3f8ecae326,began.fund,available,15.99,,medium,low,5,name.com,,,
f0db8db9-4cf4-4e04-93a2-8e3cf59d92d4,microscope.fund,available,11.98,92.98,high,low,10,namecheap,,,28/09/2026 19:53
1cc4532b-ca55-4877-b9b3-79d7f4faf834,overeager.fund,available,11.98,92.98,medium,low,9,namecheap,,,04/09/2026 20:31
0206b833-81b5-4759-bb47-c3570b2804fd,roadless.fund,available,11.98,92.98,medium,low,8,namecheap,,,08/09/2026 10:27
8671fb90-2694-4d78-99c5-15a31ab6e5a8,unisexual.fund,available,11.98,92.98,high,low,9,namecheap,,,12/09/2026 13:54
c8fe794b-31b9-4b83-ad1e-485cfb9f30cf,solferino.fund,available,14.99,71.99,medium,low,9,namesilo,,,22/09/2026 15:59
d55e0f22-3b03-4f6b-94d7-ff97c38e8a82,obviously.fund,available,14.99,71.99,high,low,9,namesilo,,,27/09/2026 03:52
4b39fb56-1225-4756-aed9-09c8a7680d7e,sand.fund,resell,,,high,low,4,"Xiamen ChinaSource Internet Service Co., Ltd",03/03/2023 15:15,03/03/2027 15:15,26/09/2026 08:48
dc9b305b-f254-44eb-b6b2-2bb12e4fbbfb,flor.fund,available,15.99,,high,low,4,name.com,,,
22ce1365-6940-4f37-9848-afedf3931ba0,fabian.fund,available,11.98,92.98,high,low,6,namecheap,,,17/08/2026 20:10
37bcca7d-f3b1-4b4c-9626-be00abcabda6,centrical.fund,available,11.98,92.98,medium,low,9,namecheap,,,12/08/2026 00:12
08908894-9e0f-4190-abc6-7d896fe5ca1a,unashamed.fund,available,11.98,92.98,high,low,9,namecheap,,,12/09/2026 01:08
09431095-5322-48f8-8812-4646e32f2895,mourning.fund,available,11.98,92.98,medium,low,8,namecheap,,,25/08/2026 08:38
af3e0d17-4be5-45d6-8033-ff58ac1d6aae,bushy.fund,available,11.98,92.98,high,low,5,namecheap,,,11/08/2026 11:15
e5ad4ff1-52ec-4305-8603-e4573687e1fb,controls.fund,available,10.55,57.13,medium,low,8,spaceship,,,27/09/2026 23:26
1b7268fd-90f5-4fc4-aa8e-72e95b8b7f75,primly.fund,available,11.98,92.98,medium,low,6,namecheap,,,15/09/2026 21:26
39373a62-a217-4025-b294-fb5dc0acf95f,joachim.fund,available,14.99,71.99,high,low,7,namesilo,,,27/09/2026 04:35
a8b578b6-7f12-46fe-9c5b-6ba1b2d74725,atticus.fund,available,11.98,92.98,high,low,7,namecheap,,,21/09/2026 01:46
a2b47574-7f42-466d-8347-3fead9053c4a,seeds.fund,resell,,,high,low,5,Dynadot Inc,02/02/2026 17:00,02/02/2027 17:00,26/09/2026 08:53
765b49f5-6f09-4a2b-a986-3536fa62eb58,strawberries.fund,available,14.99,71.99,medium,low,12,namesilo,,,29/09/2026 23:41
e0bb2a39-2dfd-47f6-a146-84de1d26d4cc,clouds.fund,available,14.99,71.99,high,low,6,namesilo,,,27/09/2026 09:07
d6e49731-46c1-4ab1-bc89-d8a97d70b9f2,decay.fund,available,14.99,71.99,high,low,5,namesilo,,,29/09/2026 13:27
5cb4a8f0-4e62-42e5-ba3c-df8872ce1ec4,kinglike.fund,available,11.98,92.98,medium,low,8,namecheap,,,22/08/2026 16:19
79dd2be8-bf39-4505-9165-d0478409187a,endogamic.fund,available,11.98,92.98,medium,low,9,namecheap,,,17/08/2026 01:11
d7c7d4c5-c7ea-4cca-9542-60913977c958,gentle.fund,available,11.98,92.98,high,low,6,namecheap,,,06/08/2026 19:29
e4020613-7861-4655-b800-3948df89a7fa,slower.fund,available,11.98,92.98,high,low,6,namecheap,,,16/09/2026 02:42
371ccdd7-a039-4210-b254-2c45ff8f2aeb,educated.fund,available,14.99,71.99,high,low,8,namesilo,,,24/09/2026 13:27
5fb198c5-53d5-47d3-96c3-b198e3754368,pepe.fund,resell,,,high,low,4,,,,29/09/2026 21:35
794e2974-f294-4bab-9085-932aebcf53f3,pita.fund,available,15.99,,high,low,4,name.com,,,
c821c832-9efb-4810-9dc2-fce8a69b9ab9,webster.fund,available,19.99,121.99,high,low,7,godaddy,,,28/09/2026 01:45
04fe77b3-8603-4200-a35e-82daf14ccb4e,rosemary.fund,available,14.99,71.99,high,low,8,namesilo,,,28/09/2026 10:51
0d6efe6f-33e6-4d82-8431-74cc1950a714,walden.fund,available,14.99,71.99,high,low,6,namesilo,,,27/09/2026 08:12
9b8c18c3-5770-4124-afe0-002bb5580926,maine.fund,premium,242,242,high,low,5,namesilo,,,28/09/2026 06:19
7be415bc-11f2-4893-bec6-5452130233f1,panchayat.fund,available,11.98,92.98,high,low,9,namecheap,,,30/09/2026 02:26
06985b8b-681c-41b3-9c06-6057811bd1ea,bargainer.fund,available,14.99,71.99,high,low,9,namesilo,,,22/09/2026 05:32
e2f5945c-f89f-496e-b89f-d302095a1f4c,unmapped.fund,available,11.98,92.98,medium,low,8,namecheap,,,12/08/2026 02:55
61da87b8-a27a-47ce-b0af-f8bc1f46962a,independently.fund,available,14.99,71.99,medium,low,13,namesilo,,,29/09/2026 14:31
d5aec432-db47-4e40-9851-456582f8d062,worship.fund,available,14.99,71.99,high,low,7,namesilo,,,17/09/2026 09:43
698c9480-6f2f-4b3b-aab3-a42e3d9eeb93,who.fund,available,,,high,high,3,,,,
375f8286-e894-4eb4-aba7-37b7dacf607b,adlumia.fund,available,14.99,71.99,medium,low,7,namesilo,,,17/09/2026 08:37
6d8f7b54-1d1a-471e-b900-14adca8074ea,osgood.fund,available,10.55,57.13,high,low,6,spaceship,,,29/09/2026 09:55
8956d8db-cdb4-4286-b25c-b41d14b9b0cf,knavish.fund,available,11.98,92.98,medium,low,7,namecheap,,,13/08/2026 04:34
97b7f430-7caa-4a4e-9c70-ce5251222882,tattoo.fund,premium,118.8,118.8,high,low,6,namesilo,,,27/09/2026 05:36
013347a4-d69a-43bb-a9c9-f95688d112cc,changeling.fund,available,11.98,92.98,medium,low,10,namecheap,,,21/08/2026 20:30
fb48c3c0-f4bf-43c2-a215-8e8ae017743c,urinate.fund,available,11.98,92.98,medium,low,7,namecheap,,,13/09/2026 09:41
f8a12f5a-45c6-494b-8cd4-5e78522f211f,rating.fund,premium,220,220,high,low,6,dynadot,,,28/09/2026 19:08
b1177de8-a5f4-42a8-a98d-e62845ed2b52,lifelong.fund,available,11.98,92.98,high,low,8,namecheap,,,23/08/2026 01:51
017aecf5-261b-456e-87fb-a1c1b8292732,variations.fund,available,11.98,92.98,medium,low,10,namecheap,,,18/09/2026 20:13
8b82655c-3706-4767-b171-169e18ea5adf,recommending.fund,available,10.55,57.13,medium,low,12,spaceship,,,28/09/2026 03:25
4906982a-9ab4-474f-abda-a732807e2c61,communism.fund,available,14.99,71.99,high,low,9,namesilo,,,24/09/2026 16:38
e1be3c9a-d2e6-4c8d-b96f-5bb83739dd00,basically.fund,available,14.99,71.99,medium,low,9,namesilo,,,28/09/2026 13:22
aadcc78f-cee0-43aa-bb50-d26a941c351a,docking.fund,available,11.98,92.98,high,low,7,namecheap,,,29/09/2026 06:41
abfff3dc-8180-413e-85bd-86665a9f9069,blackpool.fund,available,14.99,71.99,medium,low,9,namesilo,,,24/09/2026 02:57
2272a64d-d01b-409a-ba12-4b2a557119b7,libby.fund,available,19.99,121.99,high,low,5,godaddy,,,28/09/2026 02:15
b168f8c7-4f40-41b5-b49a-ead13f51b434,dulles.fund,available,14.99,71.99,high,low,6,namesilo,,,28/09/2026 13:55
c8250931-eeb8-4307-91f4-4e8916dccf50,lenify.fund,available,11.98,92.98,medium,low,6,namecheap,,,18/08/2026 22:02
8e28443d-9596-4cfa-a547-cb1201daa880,anthesis.fund,available,11.98,92.98,high,low,8,namecheap,,,18/08/2026 09:06
8f5b7f51-c8bd-4c1a-81a3-602982643b55,apiece.fund,available,11.98,92.98,medium,low,6,namecheap,,,14/08/2026 22:12
3b18e347-4926-4941-a91d-8d1843d7d930,paraffin.fund,available,14.99,71.99,high,low,8,namesilo,,,18/09/2026 08:24
b46e5227-340e-4501-9237-5fb57fa11aa0,listens.fund,available,10.55,57.13,medium,low,7,spaceship,,,29/09/2026 11:31
dfb0d033-5fdc-4846-b98d-26c45eeb5a71,christianity.fund,available,14.99,71.99,high,low,12,namesilo,,,29/09/2026 15:11
7cfa94c4-f3ae-4248-963f-6689b3ee7e7f,penn.fund,available,14.99,71.99,high,low,4,namesilo,,,25/09/2026 09:52
220496d3-c94e-43a5-8ae5-a93482f8d2be,apothecium.fund,available,14.99,71.99,medium,low,10,namesilo,,,19/09/2026 19:43
5969aae5-64e1-4e79-9e08-7d754a870af9,morality.fund,available,11.98,92.98,high,low,8,namecheap,,,28/09/2026 09:42
370a7924-fa49-401f-9ae9-15106964e542,abyss.fund,available,14.99,71.99,high,low,5,namesilo,,,16/09/2026 19:43
ee0515e2-c570-4807-bec7-92d9425d98a0,auxesis.fund,available,14.99,71.99,medium,low,7,namesilo,,,21/09/2026 08:33
4cc3e51a-15d6-4e1b-b7d9-99d77ef0675f,anopia.fund,available,14.99,71.99,medium,low,6,namesilo,,,19/09/2026 11:39
6a92ceb4-6970-4388-9c4d-425b52e9b39c,tracy.fund,available,15.99,,high,low,5,name.com,,,
bd690f6b-6c7b-44b5-93b4-6af737530910,banister.fund,available,14.99,71.99,medium,low,8,namesilo,,,22/09/2026 00:28
c0ae8a90-f86b-430b-a9e6-f1b278aa306e,wuhan.fund,premium,108.9,108.9,high,low,5,dynadot,,,29/09/2026 02:39
61b52178-2a77-45a1-b263-298d14b93d3a,acinonyx.fund,available,11.98,92.98,medium,low,8,namecheap,,,17/09/2026 01:31
9a622b2e-74c0-4bf0-b57e-a7de599a3352,foundling.fund,available,11.98,92.98,medium,low,9,namecheap,,,16/09/2026 13:56
7ae2ec15-5c90-49eb-96c5-a1e984e453e3,apricot.fund,available,11.98,92.98,high,low,7,namecheap,,,19/09/2026 22:31
8c028960-5e6d-4391-906b-78a9a2dae80b,yall.fund,available,15.99,,medium,low,4,name.com,,,
d84652b9-a01e-40da-b915-f6d2b29e08c8,taipeh.fund,available,11.98,92.98,medium,low,6,namecheap,,,24/09/2026 12:26
b6d1d9cb-fa6f-4d1b-a554-9afe48845a45,darned.fund,available,11.98,92.98,medium,low,6,namecheap,,,10/08/2026 12:41
63bafb96-09c4-4f5d-ba0f-9ee6bd88e27c,beery.fund,available,11.98,92.98,medium,low,5,namecheap,,,09/08/2026 08:12
fef83343-3213-43a4-9156-d48ef6d920ab,progressive.fund,premium,260,260,high,low,11,namecheap,,,19/09/2026 14:06
ba5a9702-0eb4-4fc2-8363-6647cad80884,insular.fund,available,11.98,92.98,medium,low,7,namecheap,,,22/08/2026 07:38
61483652-17a8-41bc-a0fa-5922693be183,technicals.fund,available,15.99,,medium,low,10,name.com,,,18/09/2026 20:39
76d0aeac-d14d-4143-8dae-a4fabbf00d6b,affirmations.fund,available,14.99,71.99,medium,low,12,namesilo,,,21/09/2026 01:56
9ac684df-eec7-40e9-969e-21d70458c039,maas.fund,available,14.99,71.99,high,low,4,namesilo,,,29/09/2026 21:54
612f7188-6a9b-40db-aa16-1e36f8ee2aee,blessings.fund,available,10.55,57.13,medium,low,9,spaceship,,,28/09/2026 17:50
5858b906-4db5-4a7c-ab58-c4b7aa10eb6e,suck.fund,available,14.99,71.99,high,low,4,namesilo,,,30/09/2026 01:54
1fec27e7-3a8c-4021-b966-2df0b59c4c77,labial.fund,available,11.98,92.98,medium,low,6,namecheap,,,22/08/2026 17:19
ad221bef-ceb4-4731-b1db-867bd75249ee,hattie.fund,available,55.2,55.2,medium,low,6,cloudflare,,,29/09/2026 09:38
6e1243b0-17c1-4a0c-ad54-fc956499e9ed,horne.fund,available,8.78,59.07,high,low,5,dynadot,,,27/09/2026 14:08
ee47d079-b3c2-4d22-bcb7-4843c7e238f4,indicator.fund,available,8.78,59.07,high,low,9,dynadot,,,29/09/2026 19:19
565b6dec-ef4c-4ae4-93fe-b5b527e5e1c0,drug.fund,resell,,,high,low,4,"Chengdu West Dimension Digital Technology Co., Ltd.",15/06/2018 15:48,15/06/2029 15:48,26/09/2026 05:42
886b7e9c-40b7-44f9-9eea-e46e36e817c1,unordered.fund,available,11.98,92.98,medium,low,9,namecheap,,,12/09/2026 16:18
16d9bd98-93ec-411d-a510-64dfbd290c22,falmouth.fund,available,8.78,59.07,medium,low,8,dynadot,,,28/09/2026 07:50
dde54c55-fb0a-4ef9-9c02-6a8723ced163,nominee.fund,available,10.55,57.13,high,low,7,spaceship,,,29/09/2026 06:17
f357afa0-0e9f-4aa0-9026-f33fb0bd290d,second.fund,resell,,,high,low,6,"DNSPod, Inc.",21/05/2025 15:15,21/05/2027 15:15,26/09/2026 08:53
b698e4a8-935d-45d7-968a-e23dbea7dd50,reserved.fund,premium,242,242,high,low,8,namesilo,,,09/09/2026 14:50
cf61ebed-3755-4091-a951-f9ac6498fd6c,adler.fund,available,14.99,71.99,high,low,5,namesilo,,,25/09/2026 13:44
66803b9b-9cc5-44cc-9c70-1d053dc55494,convert.fund,available,11.98,92.98,high,low,7,namecheap,,,24/09/2026 17:55
02d98564-a446-4f9d-94a3-4111c8877d9b,lacerate.fund,available,11.98,92.98,medium,low,8,namecheap,,,22/08/2026 17:51
29c36706-a46e-4260-918e-dd228cb56aad,wrist.fund,available,10.55,57.13,high,low,5,spaceship,,,28/09/2026 22:18
b32fa38c-00a2-4b05-9b6b-7c10c1e3a4a6,alacritous.fund,available,11.98,92.98,medium,low,10,namecheap,,,
7c13ddd9-a0d0-46bb-918e-18088280bbae,hindoo.fund,available,11.98,92.98,medium,low,6,namecheap,,,21/08/2026 09:33
9c3dd4cc-6b6a-4f78-b741-2dcab96ab377,cos.fund,available,11.98,92.98,high,medium,3,namecheap,,,24/09/2026 18:26
58996448-ef8d-4a32-bd14-7c6075e323a9,toyota.fund,resell,,,high,high,6,,,,29/09/2026 20:32
499144db-8ebc-4f9a-90e1-e1695bc33915,shoe.fund,resell,,,high,low,4,"DNSPod, Inc.",31/03/2019 00:35,31/03/2036 00:35,29/09/2026 03:56
f08e47a4-3dd7-4c7e-987c-07bf93be3391,defendant.fund,available,14.99,71.99,medium,low,9,namesilo,,,27/09/2026 03:41
77af2fd5-30a5-468a-9cf5-bc803b5d5aec,curtin.fund,available,10.55,57.13,medium,low,6,spaceship,,,29/09/2026 09:07
dd20988f-b11d-48ae-be5f-2d983b22f5f8,throats.fund,available,14.99,71.99,medium,low,7,namesilo,,,20/09/2026 08:21
30ae4d1e-2480-426b-b159-796fa04930cc,birken.fund,available,11.98,92.98,high,low,6,namecheap,,,10/08/2026 06:03
055c96bf-8847-4d30-a247-6420267f9563,pale.fund,available,15.99,92.99,high,low,4,name.com,,,27/09/2026 02:35
52905286-e79c-4270-9a22-f54dadfe4686,bassett.fund,available,11.98,92.98,high,low,7,namecheap,,,27/09/2026 07:09
e67aa4a3-161f-4230-b879-9f726ec2c8c7,roofs.fund,available,15.99,,medium,low,5,name.com,,,
d5ec6606-e9c0-4c6a-b447-2e6f5b67548c,updates.fund,available,14.99,71.99,medium,low,7,namesilo,,,20/09/2026 08:39
f79ea64f-f598-4f82-9ce8-bcb4185425c8,connolly.fund,available,14.99,71.99,high,low,8,namesilo,,,25/09/2026 22:17
41f1b2a6-d4b3-4ff1-ba3b-19a2995770a4,delaware.fund,premium,102.67,102.67,high,low,8,spaceship,,,29/09/2026 06:32
92eea986-6939-4705-a7cd-61a491526baa,armful.fund,available,14.99,71.99,medium,low,6,namesilo,,,20/09/2026 06:50
6d2bd539-1ed0-49d5-8a58-2e8348c7a156,crashing.fund,available,55.2,55.2,medium,low,8,cloudflare,,,28/09/2026 11:33
c874093c-2a11-4ea4-a202-f657ea001d24,spaciously.fund,available,11.98,92.98,medium,low,10,namecheap,,,16/09/2026 00:04
4dfc09db-caa4-49b7-b2bd-796a3c902564,rewardful.fund,available,11.98,92.98,high,low,9,namecheap,,,09/09/2026 16:27
04b6d07d-731c-4ccd-93b0-6d5f553a271a,plausibly.fund,available,11.98,92.98,high,low,9,namecheap,,,14/09/2026 09:28
7ce4c83f-337c-4c58-8d93-a35c62f895c1,exclusively.fund,available,15.99,,medium,low,11,name.com,,,
673cbf31-0aa1-4664-93e3-54680199e48f,thankless.fund,available,11.98,92.98,medium,low,9,namecheap,,,11/09/2026 12:28
0d74db01-fe94-45ad-b098-0aef8544a993,ceo.fund,resell,,,high,low,3,Dynadot Inc,05/07/2026 04:14,05/07/2027 04:14,26/09/2026 04:50
a94981d8-a166-4934-82f3-d1846daf5397,leaning.fund,available,11.98,92.98,high,low,7,namecheap,,,07/08/2026 13:24
e00b9833-f852-4252-9e3c-ac4c2d20f3fb,arrhenius.fund,available,14.99,71.99,high,low,9,namesilo,,,20/09/2026 09:11
3729468b-b613-4b7a-bc2b-e1bb1a120da4,macrophages.fund,available,55.2,55.2,low,low,11,cloudflare,,,28/09/2026 13:24
af7fb811-8feb-4cd8-92fc-7a1c8a7937f5,jeopardy.fund,available,10.55,57.13,high,low,8,spaceship,,,28/09/2026 14:01
692f0e83-dbf1-4e52-b625-cc59bebceec5,endearing.fund,available,11.98,92.98,high,low,9,namecheap,,,21/09/2026 19:24
ba64745c-371e-4e0e-8919-b67dd9e06a26,mascot.fund,available,10.55,57.13,high,low,6,spaceship,,,30/09/2026 02:14
6beead7b-568d-4218-b2e6-ea625bc69d5c,carrying.fund,available,15.99,,high,low,8,name.com,,,
965f6288-ebb0-4ef0-af21-a085b30e095c,stygian.fund,available,11.98,92.98,medium,low,7,namecheap,,,
d3f6e40c-c87e-4d90-96df-515560dee4b1,mightily.fund,available,11.98,92.98,medium,low,8,namecheap,,,24/08/2026 22:45
eb2a83be-70dd-4408-9410-68dd078ae9f5,laying.fund,available,14.99,71.99,high,low,6,namesilo,,,25/09/2026 22:34
b1d494ec-2b1a-44cb-b194-61a7616365aa,gonzales.fund,available,14.99,71.99,high,low,8,namesilo,,,27/09/2026 20:26
60d8a93a-0663-41bd-82f2-ff19e432629f,cunningham.fund,available,14.99,71.99,high,low,10,namesilo,,,25/09/2026 04:27
ace01fc7-b288-4c20-8096-a40c7bb805c8,wireless.fund,resell,,,high,low,8,"DNSPod, Inc.",13/05/2019 09:00,13/05/2027 09:00,27/09/2026 09:37
13171d14-7290-4ea4-8cc6-727df4cc7005,variegated.fund,available,11.98,92.98,medium,low,10,namecheap,,,13/09/2026 01:18
fe2a6818-6a64-41ff-a1d9-6b3437f725b9,whatever.fund,available,14.99,71.99,high,low,8,namesilo,,,22/09/2026 06:56
2912d48d-27bd-46aa-b333-3c7bf404a892,administer.fund,available,14.99,71.99,high,low,10,namesilo,,,29/09/2026 14:10
22232e79-13d5-445a-925f-ab49029571ca,circus.fund,available,14.99,71.99,high,low,6,namesilo,,,29/09/2026 09:23
2d6eae58-0fc4-4927-be93-fb492b3c7686,blackhead.fund,available,14.99,71.99,medium,low,9,namesilo,,,24/09/2026 02:47
288bdd2f-b942-453b-8026-0a8bfaff4f1f,versions.fund,available,10.55,57.13,medium,low,8,spaceship,,,30/09/2026 00:17
033cd7ce-2131-4d21-af9f-ba01ed2c07ac,surrendered.fund,available,10.55,57.13,low,low,11,spaceship,,,29/09/2026 05:38
8cf944fd-4a96-476e-a8eb-777cee75636f,barroom.fund,available,14.99,71.99,high,low,7,namesilo,,,22/09/2026 03:34
e7296408-97a0-4ab5-bad1-3a4ea239bfbf,airports.fund,available,8.78,59.07,medium,low,8,dynadot,,,30/09/2026 00:31
44ccd0ea-d0d5-45e6-9b1f-9355d64ebd86,aucuba.fund,available,14.99,71.99,medium,low,6,namesilo,,,21/09/2026 02:47
4254a715-ebda-4ca8-89aa-5f51a1cec7eb,bumps.fund,available,14.99,71.99,medium,low,5,namesilo,,,30/09/2026 00:29
ae377d75-65c8-41aa-bfab-607cb382a26e,improper.fund,available,11.98,92.98,high,low,8,namecheap,,,21/08/2026 23:12
191c2374-d971-4579-93b4-66bf3e298034,nonuniform.fund,available,11.98,92.98,medium,low,10,namecheap,,,22/08/2026 05:15
843837e2-5c4c-41c9-af41-983f58a6cc8a,maps.fund,available,11.98,92.98,high,low,4,namecheap,,,
0ce84550-0739-465d-a737-8ae3d0d58aab,autotroph.fund,available,14.99,71.99,medium,low,9,namesilo,,,21/09/2026 07:36
297691e0-cd9f-4327-bf24-5b391248242c,hays.fund,available,14.99,71.99,medium,low,4,namesilo,,,20/09/2026 10:51
bef9a2bc-eb01-4ba6-b9f0-62a7cbd037d3,generic.fund,available,10.55,57.13,high,low,7,spaceship,,,28/09/2026 07:54
0594f0b7-a5d0-43e3-b3df-993f17f11a34,repair.fund,premium,242,242,high,low,6,namesilo,,,27/09/2026 03:25
bb4fd4ba-2f8d-4bbb-90c0-aafe2e80c2dd,sealed.fund,available,55.2,55.2,high,low,6,cloudflare,,,27/09/2026 18:59
49fe6a69-d46a-4a7f-b158-cdb7ac342c48,trifle.fund,available,11.98,92.98,high,low,6,namecheap,,,13/09/2026 08:07
d4eb6d8c-825c-459b-b22e-d8c9052f7423,guardian.fund,resell,,,high,medium,8,,,,28/09/2026 05:31
619e94bf-dd59-4b5e-ac62-6a5c1f9b2e36,feast.fund,available,14.99,71.99,high,low,5,namesilo,,,22/09/2026 03:01
f600afcf-b579-4d4c-b4d8-2c2c63426532,diarrhea.fund,available,8.75,57.16,medium,low,8,porkbun,,,29/09/2026 18:38
d785dac8-0877-436a-9bb2-ea6aa0c2f55b,fte.fund,available,10.55,57.13,high,low,3,spaceship,,,29/09/2026 03:33
97df3884-f5e2-4aaa-bedc-faf1d3ef7931,unpredictable.fund,available,55.2,55.2,medium,low,13,cloudflare,,,28/09/2026 15:57
838f41a8-e474-47d5-85f2-4af2a2b623c8,outfitted.fund,available,11.98,92.98,high,low,9,namecheap,,,04/09/2026 19:24
0c173972-f4a6-43fb-8ebd-2b5dae417479,sadie.fund,available,14.99,71.99,medium,low,5,namesilo,,,28/09/2026 16:29
4c5d4dce-4ad8-4623-b9bc-d2802fb6e07d,loos.fund,available,14.99,71.99,medium,low,4,namesilo,,,17/09/2026 09:32
0c5812a4-328c-4a25-b502-f51538ebd406,raspberry.fund,available,14.99,71.99,medium,low,9,namesilo,,,24/09/2026 06:43
c2f8729e-2b9f-4599-9068-0fd1d4c2ca49,keister.fund,available,11.98,92.98,low,low,7,namecheap,,,09/08/2026 11:08
d94ea370-7991-4be7-b6a5-569704c98c80,virile.fund,available,11.98,92.98,high,low,6,namecheap,,,13/09/2026 06:04
52d9123b-22b1-4adb-9541-da2e30db33a6,grizzled.fund,available,11.98,92.98,medium,low,8,namecheap,,,20/08/2026 20:11
37084be0-5e50-451b-8c32-f0c6532fc857,canteen.fund,available,14.99,71.99,high,low,7,namesilo,,,24/09/2026 12:09
8846128b-ef72-43d4-a4e2-89ee82862d80,dimmed.fund,available,11.98,92.98,medium,low,6,namecheap,,,14/08/2026 08:08
0dfc196a-3677-4529-a041-cc8728d945af,lay.fund,premium,118.8,118.8,high,low,3,namesilo,,,25/09/2026 13:03
451f2cb1-3174-4853-b30c-8e905c01c2ae,sextuple.fund,available,11.98,92.98,medium,low,8,namecheap,,,10/09/2026 05:19
1a9b4c80-dc6b-49d5-8c97-b44eafd56c01,seo.fund,premium,880,880,high,medium,3,dynadot,,,28/09/2026 17:30
a9a87f82-d03b-4fee-9dee-994bb6bf9478,shallot.fund,available,14.99,71.99,medium,low,7,namesilo,,,18/09/2026 11:16
e4fe0a5f-1916-4d64-b14e-2b9ed4703260,locations.fund,available,10.55,57.13,medium,low,9,spaceship,,,28/09/2026 17:11
50e4d68f-195e-48a6-9e31-43a3740448dc,jural.fund,available,11.98,92.98,medium,low,5,namecheap,,,22/08/2026 14:34
94c49a91-b224-409e-a579-339ad4bb03d8,monterrey.fund,premium,,,high,low,9,,,,28/09/2026 14:54
76785ec7-cd1a-4c0b-94a2-112cd7c7d5a4,antarctic.fund,available,11.98,92.98,high,low,9,namecheap,,,
d37b7a42-401a-481b-a2b4-c40b44253246,attested.fund,available,11.98,92.98,medium,low,8,namecheap,,,07/08/2026 15:41
ab982f84-5831-40be-a71d-c03d212e74aa,nadia.fund,available,11.98,92.98,medium,low,5,namecheap,,,28/09/2026 22:03
00632d22-6469-4be9-8c5f-4447b2df73ce,hottish.fund,available,11.98,92.98,medium,low,7,namecheap,,,21/08/2026 14:20
4e6747e9-813e-40fe-878d-33716a74fbe8,library.fund,resell,,,high,low,7,"DNSPod, Inc.",26/11/2019 22:14,26/11/2031 22:14,28/09/2026 08:46
eba4b169-70f7-4b2c-97a7-b44633874fcc,nilpotent.fund,available,11.98,92.98,medium,low,9,namecheap,,,03/09/2026 17:28
def81d18-a76d-4587-a167-be20950992a8,undying.fund,available,15.99,92.99,medium,low,7,name.com,,,13/08/2026 20:04
d875d7ea-03e4-4b12-b934-6654277e8c02,actionable.fund,available,14.99,71.99,high,low,10,namesilo,,,21/09/2026 16:28
5930c9e3-5dc1-417d-b12f-24efe0e527f5,aimless.fund,available,11.98,92.98,medium,low,7,namecheap,,,
fe52d26e-6243-4a00-b1db-79e2da4822aa,preacher.fund,available,14.99,71.99,high,low,8,namesilo,,,27/09/2026 15:23
1e6c6d17-8822-4c8f-b425-b52e5e6d202e,foucault.fund,available,10.55,57.13,medium,low,8,spaceship,,,28/09/2026 19:15
99ebecf9-2498-4e21-8087-dfd760e09ae5,multiple.fund,available,11.98,92.98,high,low,8,namecheap,,,25/09/2026 22:06
63a3098c-2581-429a-9949-b49abc98e441,posters.fund,available,15.99,,high,low,7,name.com,,,
4f10440f-2718-4d05-9850-9eb43c634bf9,incorrect.fund,available,11.98,92.98,high,low,9,namecheap,,,25/09/2026 08:08
a0c7fea3-01bf-4725-81ed-bd0b3f647ae3,aright.fund,available,11.98,92.98,high,low,6,namecheap,,,13/09/2026 20:49
3d5e800b-6481-40fc-a54f-877d5221ea87,trophic.fund,available,11.98,92.98,high,low,7,namecheap,,,11/09/2026 20:22
0567c124-dfce-41b0-b085-57d4840d9f0f,engrossing.fund,available,11.98,92.98,high,low,10,namecheap,,,
991546fd-e8e9-4107-aa69-e2b212e29e13,slapdash.fund,available,11.98,92.98,medium,low,8,namecheap,,,10/09/2026 09:57
9d0ebb07-4c16-4807-bdb0-a7a699d91626,lasted.fund,available,10.55,57.13,medium,low,6,spaceship,,,28/09/2026 04:59
988a445a-dc1c-4e50-bfb2-b39f88aecee0,rejects.fund,available,55.2,55.2,low,low,7,cloudflare,,,29/09/2026 17:37
1056b162-a7eb-4b9a-856d-bfca84aa4592,brutal.fund,available,11.98,92.98,medium,low,6,namecheap,,,08/08/2026 15:45
a466f08d-41aa-4296-ada2-d4e3fae04f16,olives.fund,available,11.98,92.98,medium,low,6,namecheap,,,20/09/2026 04:34
1786ca0d-c4c1-4099-9d9a-b3014af8b3c7,exogenic.fund,available,11.98,92.98,medium,low,8,namecheap,,,17/08/2026 17:34
6aa2bd49-484c-4c70-96d4-3b9827fab87f,grady.fund,available,8.75,57.16,medium,low,5,porkbun,,,28/09/2026 08:08
44d53801-545c-4120-a16f-26d81796a7cb,adapter.fund,available,14.99,71.99,high,low,7,namesilo,,,17/09/2026 06:30
ec61f184-675d-4bc3-b9bb-55af76486189,allspice.fund,available,11.98,92.98,high,low,8,namecheap,,,18/09/2026 12:10
0b2b37ad-e58c-49aa-b7bb-1efef426a9af,specular.fund,available,11.98,92.98,medium,low,8,namecheap,,,25/08/2026 01:15
092488f0-ebc9-4b16-abaa-e243cc56cf6c,adding.fund,available,15.99,,high,low,6,name.com,,,
05b67ee1-bfd8-41c2-b3fa-a98552b57faf,prove.fund,available,15.99,,high,low,5,name.com,,,
63a81c1d-bbf2-410d-a71d-fed820c16616,dolorous.fund,available,11.98,92.98,medium,low,8,namecheap,,,14/08/2026 15:30
ccd70773-96d0-4a2e-aab8-243169a17383,highbrow.fund,available,11.98,92.98,high,low,8,namecheap,,,21/08/2026 09:09
0a4ec512-6147-49e9-a852-6db075c22318,noel.fund,available,14.99,71.99,high,low,4,namesilo,,,24/09/2026 14:54
1723c31f-4bec-4949-9831-99f79a25ffea,head.fund,resell,,,high,low,4,Xin Net Technology Corporation,09/04/2019 21:05,09/04/2027 21:05,26/09/2026 06:36
72eba930-a0f2-4251-9e45-fc6450224d82,pretense.fund,available,14.99,71.99,high,low,8,namesilo,,,25/09/2026 16:21
4996872e-95eb-4adb-b057-bc1de077d420,prepared.fund,available,14.99,71.99,high,low,8,namesilo,,,24/09/2026 11:20
370630fe-82e5-412d-bde0-0fceebb19f81,jump.fund,resell,,,high,low,4,"Chengdu West Dimension Digital Technology Co., Ltd.",10/03/2018 16:15,10/03/2027 16:15,26/09/2026 07:02
44718013-2f34-4bff-a27f-0b91a73bd2a0,responded.fund,available,11.98,92.98,medium,low,9,namecheap,,,18/09/2026 18:02
a87056f8-3e5b-4c3a-bc02-f18ea2e119f8,pictured.fund,available,11.98,92.98,medium,low,8,namecheap,,,14/08/2026 02:14
64ff2eb5-b03d-44ac-a81d-a7431afa0cae,neverending.fund,available,15.99,,high,low,12,name.com,,,
73721d40-8903-470d-8020-0290a6c51c13,alveolus.fund,available,11.98,92.98,medium,low,8,namecheap,,,17/09/2026 22:03
59c87289-a92a-4b7f-a26a-4f3dbe7fd3e7,states.fund,available,14.99,71.99,high,low,6,namesilo,,,19/09/2026 11:16
3990361c-f2e8-4937-bbb2-46130fbf4328,sentiments.fund,available,14.99,71.99,medium,low,10,namesilo,,,17/09/2026 07:39
c91dfe6a-8af2-478b-b496-a3db392359d5,amylaceous.fund,available,11.98,92.98,medium,low,10,namecheap,,,
4ffb98db-4d4b-4930-9efe-bd206c47743b,overcome.fund,available,55.2,55.2,high,low,8,cloudflare,,,28/09/2026 05:30
e513311c-36a3-4fb4-aec8-59cdd4bd7685,trickily.fund,available,11.98,92.98,low,low,8,namecheap,,,14/09/2026 09:11
7bf5270a-a977-46fd-ab46-e0f3226f92b5,diachronic.fund,available,11.98,92.98,medium,low,10,namecheap,,,14/08/2026 05:38
3a3d8ea1-e1de-4fe3-a108-10114d1ae1f3,papist.fund,available,11.98,92.98,medium,low,6,namecheap,,,05/09/2026 01:35
126c34aa-871b-464a-bfb1-5b538b040aaf,diminished.fund,available,11.98,92.98,medium,low,10,namecheap,,,07/08/2026 15:00
f71b25b2-25df-499e-849a-8897b2b2c6a2,drifter.fund,available,11.98,92.98,medium,low,7,namecheap,,,13/09/2026 00:50
f1407c41-5897-4208-9350-a33f248bdd0a,thinkable.fund,available,11.98,92.98,high,low,9,namecheap,,,11/09/2026 13:28
5c1893b9-89a7-4675-8811-ea3acedb35ab,theyre.fund,available,15.99,,medium,low,6,name.com,,,
cb2ea661-1b84-495e-b264-fae4ad9523eb,facilitate.fund,available,15.99,,high,low,10,name.com,,,
024af0fa-4875-409d-b808-84277b82a923,unabated.fund,available,11.98,92.98,high,low,8,namecheap,,,11/09/2026 23:24
2f493987-e4e3-4328-8a6a-846f9797b97d,regain.fund,available,10.55,57.13,high,low,6,spaceship,,,29/09/2026 02:45
0b212520-1ba8-4220-aaa3-06014c2626d0,brewster.fund,available,8.78,59.07,medium,low,8,dynadot,,,28/09/2026 11:34
50c44ab4-8dd6-4e85-b093-b63d62078f2e,intimal.fund,available,11.98,92.98,medium,low,7,namecheap,,,22/08/2026 08:28
aa2becf4-d871-43aa-93b2-e1d3b0992cd7,dumbstruck.fund,available,11.98,92.98,medium,low,10,namecheap,,,14/08/2026 21:06
0902bf7b-6f47-4162-937a-f6bc952a8663,errand.fund,available,19.99,121.99,high,low,6,godaddy,,,30/09/2026 01:33
448144bb-0177-45c0-ac2f-0e5ab1345d04,cuddles.fund,available,11.98,92.98,high,low,7,namecheap,,,21/09/2026 08:38
eac77a5e-ea45-41b2-b2e0-04acf80b70fd,conversations.fund,available,14.99,71.99,medium,low,13,namesilo,,,28/09/2026 08:58
acbc89fa-9b52-486c-80f8-83f41ec855c7,reebok.fund,available,15.99,,high,low,6,name.com,,,
f0d92e7a-b2d9-4f9a-ad8b-ed8a8d456e78,occident.fund,available,11.98,92.98,medium,low,8,namecheap,,,13/09/2026 10:49
32d53f99-469e-4e01-acbe-01056e09c38a,tiered.fund,available,11.98,92.98,medium,low,6,namecheap,,,11/09/2026 15:49
9663a91a-e189-4bc2-a175-4f961bc78171,bustling.fund,available,11.98,92.98,high,low,8,namecheap,,,11/08/2026 11:21
84fe00a4-5693-4cab-a241-84d7403f1e94,bonnily.fund,available,11.98,92.98,medium,low,7,namecheap,,,14/09/2026 01:04
71571f3b-1407-412b-a654-b11e633db8c8,tunguska.fund,available,14.99,71.99,medium,low,8,namesilo,,,19/09/2026 05:45
08ecf49e-9b38-4ec3-9dad-d1484a0c3bb6,dismissive.fund,available,11.98,92.98,medium,low,10,namecheap,,,14/08/2026 11:49
c0b3c97c-b88f-4269-bb43-4e0feaa31083,balanced.fund,premium,118.8,118.8,high,low,8,namesilo,,,29/09/2026 16:30
4fa66b37-e2eb-4ddb-ba99-d73ca7b25d1e,suspicion.fund,available,11.98,92.98,high,low,9,namecheap,,,24/09/2026 23:14
67ba105a-85c9-438b-a416-54db4a54880a,becoming.fund,available,,,high,low,8,,,,
6bd8af13-a6da-4c33-a286-b8d064d6e433,marr.fund,available,55.2,55.2,high,low,4,cloudflare,,,29/09/2026 10:01
a2f521bd-d73f-46be-b25d-f9e40fa542af,heater.fund,available,8.75,57.16,high,low,6,porkbun,,,29/09/2026 12:14
836346e8-d521-48c9-b3d7-8a88b9da646e,keegan.fund,available,14.99,71.99,medium,low,6,namesilo,,,30/09/2026 00:49
10543b0b-4e35-4c49-9bb2-7fdbf0298c84,grassless.fund,available,11.98,92.98,medium,low,9,namecheap,,,20/08/2026 18:13
54a7ff59-d1e1-4ebb-beaa-b10091634367,satisfies.fund,available,11.98,92.98,medium,low,9,namecheap,,,20/09/2026 14:54
8854fca5-61ac-4350-849a-f24d2163708f,psychiatric.fund,available,14.99,71.99,medium,low,11,namesilo,,,28/09/2026 15:58
84be77d9-8605-40fa-bd9e-9d630b020ee3,improver.fund,available,11.98,92.98,high,low,8,namecheap,,,21/08/2026 14:58
5902bddf-e169-46dd-8c43-0e520837fbb8,khaki.fund,available,11.98,92.98,high,low,5,namecheap,,,22/08/2026 15:47
828a530e-16ad-49a3-a7d8-2faccefd0d25,evanescent.fund,available,11.98,92.98,high,low,10,namecheap,,,17/08/2026 14:37
4b267a0d-07f2-433f-b7ed-8e3c886b1817,piggish.fund,available,11.98,92.98,medium,low,7,namecheap,,,21/08/2026 10:18
784d322f-2842-40c7-be0f-56711f4f3681,astm.fund,available,8.75,57.16,medium,low,4,porkbun,,,29/09/2026 15:16
05700aa1-da07-4849-bd8d-ccf565a086c0,good.fund,resell,,,high,medium,4,Dynadot Inc,27/09/2023 12:51,27/09/2027 12:51,28/09/2026 04:33
56513d31-c8a0-4307-a8fd-810e7e4b48c4,airline.fund,available,14.99,71.99,high,low,7,namesilo,,,28/09/2026 19:37
d147f23e-ea95-4bbf-ba65-604136167fcd,acicular.fund,available,11.98,92.98,medium,low,8,namecheap,,,
14b7176c-f8d9-47c9-bf0d-208f7a2e93df,dastardly.fund,available,15.99,92.99,medium,low,9,name.com,,,13/08/2026 18:31
435fcb0f-d59f-47c7-9f0d-b4be9d7d7226,ominous.fund,available,11.98,92.98,medium,low,7,namecheap,,,24/08/2026 20:00
bddf0b50-ee69-4e86-885d-9c63519b6fea,rappel.fund,available,14.99,71.99,medium,low,6,namesilo,,,16/09/2026 17:38
12eb11d0-420f-46b9-ac07-7f748f21bda3,shortages.fund,available,11.98,92.98,medium,low,9,namecheap,,,21/09/2026 03:14
d997d04b-0d80-4c7c-8fc2-8b68bd55225d,turquoise.fund,available,14.99,71.99,high,low,9,namesilo,,,19/09/2026 22:52
e27b1310-a533-4613-8a17-f07c74f12048,succulent.fund,available,11.98,92.98,high,low,9,namecheap,,,11/09/2026 00:58
e07fc1b5-d204-45ec-80ed-a0528baf240d,flavor.fund,available,8.78,59.07,high,low,6,dynadot,,,28/09/2026 14:12
32801942-ca90-469b-a67e-17db43958cb8,lucille.fund,available,10.55,57.13,medium,low,7,spaceship,,,28/09/2026 21:59
20e473f3-4e2f-436f-928d-3ddca0e1b38e,qualitative.fund,available,15.99,,high,low,11,name.com,,,
c399216c-5d22-4ecd-a419-1cf690523ea8,breach.fund,available,10.55,57.13,high,low,6,spaceship,,,27/09/2026 11:50
e692c19d-ec48-4033-a6fe-33ab1e2856ff,alsace.fund,premium,85.8,85.8,high,low,6,namecheap,,,18/09/2026 14:15
bfdd2565-df51-4dd1-8381-9218e9e876ab,pointy.fund,available,15.99,,high,low,6,name.com,,,
7e52f877-1313-4492-9261-e0f3eeb7d602,serrated.fund,available,11.98,92.98,medium,low,8,namecheap,,,03/09/2026 22:08
21fdcbab-b99c-4315-86bb-89340685f50b,meshing.fund,available,11.98,92.98,high,low,7,namecheap,,,22/08/2026 08:10
db8cd1b2-fcda-424d-9a15-76bf3acc6b8b,kenyan.fund,premium,118.8,118.8,high,low,6,namesilo,,,22/08/2026 15:34
64e4affd-fb81-4cad-a922-53a2e2ba259f,way.fund,premium,118.8,118.8,high,low,3,namesilo,,,27/09/2026 15:08
37be1b2e-5a9e-485d-b791-5e60892d9c06,soupy.fund,available,11.98,92.98,medium,low,5,namecheap,,,09/08/2026 01:20
a9ecd06d-7dfe-4405-869e-d5a8dfc068d7,cowell.fund,available,11.98,92.98,medium,low,6,namecheap,,,29/09/2026 22:25
3cbfa638-5afb-4309-80d6-43077d472523,super.fund,resell,,,high,low,5,GoDaddy Online Services Cayman Islands Ltd.,18/08/2014 00:56,18/08/2027 00:56,29/09/2026 08:11
6faecbaa-5460-427e-a4c8-c9ce22c5e225,highschool.fund,premium,118.8,118.8,high,low,10,namesilo,,,29/09/2026 22:46
62e1f4a3-b3a5-40eb-88c3-5578ca2d2eca,regulatory.fund,available,11.98,92.98,high,low,10,namecheap,,,09/09/2026 13:17
fbd2bc1b-0ffa-446b-8783-ae59f11fefd3,caller.fund,available,11.98,92.98,high,low,6,namecheap,,,11/08/2026 14:28
498f793b-931d-462d-92a4-4f5dfa855190,over.fund,resell,,,high,low,4,"DNSPod, Inc.",16/10/2024 17:00,16/10/2030 17:00,26/09/2026 07:58
a9187a37-275e-40df-8247-1f6a3383f3ca,amended.fund,available,11.98,92.98,medium,low,7,namecheap,,,
43366a4b-8caf-4747-a921-2ff0cc9d3172,herrick.fund,available,10.55,57.13,medium,low,7,spaceship,,,29/09/2026 01:17
6e8d8aa0-654a-43ac-af80-5cea776a355d,poetic.fund,available,11.98,92.98,high,low,6,namecheap,,,08/09/2026 22:33
66d4bef5-c40d-4101-bd48-e9027940031c,attila.fund,available,14.99,71.99,high,low,6,namesilo,,,21/09/2026 01:47
53bc6d2a-312d-4377-82f5-c63d1d58cc8c,wires.fund,available,8.75,57.16,medium,low,5,porkbun,,,28/09/2026 04:36
0bb92bc6-0bdb-416c-aae2-481e22661051,ageratum.fund,available,11.98,92.98,medium,low,8,namecheap,,,17/09/2026 17:22
d59daea9-fa51-45e3-a874-309bd05104a1,subjective.fund,available,14.99,71.99,high,low,10,namesilo,,,25/09/2026 07:50
40bbcff2-f26a-4c2c-97c4-77be2bc949fc,squid.fund,available,14.99,71.99,high,low,5,namesilo,,,29/09/2026 06:11
24d900cb-6338-4c6a-b35e-f3f00b503acc,subsonic.fund,available,11.98,92.98,medium,low,8,namecheap,,,11/09/2026 00:50
1066ab76-a702-497f-97d3-e22a0e47d3c8,celtic.fund,available,11.98,92.98,high,low,6,namecheap,,,11/08/2026 23:38
057ed147-7651-4d93-983b-46c6f73d3c0b,ungroomed.fund,available,11.98,92.98,low,low,9,namecheap,,,12/09/2026 11:34
dc37f882-f2ce-4f16-b3e0-553937b360df,manzanita.fund,available,14.99,71.99,medium,low,9,namesilo,,,20/09/2026 01:04
f1c7dab4-e685-45f1-a7fe-0d11e967d4cc,realise.fund,available,14.99,71.99,high,low,7,namesilo,,,27/09/2026 16:29
fd7d0400-f9b6-451c-aee2-2f2feed1829d,mash.fund,available,55.2,55.2,high,low,4,cloudflare,,,29/09/2026 11:35
47f9053c-7180-4325-98b7-f0f1f1b0b03f,bristol.fund,premium,118.8,118.8,high,low,7,namesilo,,,24/09/2026 10:36
c46cca5d-58fb-477b-a450-c87953010dd7,dsc.fund,available,8.78,59.07,high,low,3,dynadot,,,29/09/2026 21:44
e01371a5-89bf-4f1a-90a5-45e52fffab1b,bedclothes.fund,available,14.99,71.99,high,low,10,namesilo,,,22/09/2026 22:48
0ef6f34b-ec79-49d4-97a7-575b78eb59ab,hoyt.fund,available,11.98,92.98,medium,low,4,namecheap,,,28/09/2026 08:07
8101c500-f308-42de-ab01-9462254cca41,blende.fund,available,14.99,71.99,medium,low,6,namesilo,,,24/09/2026 05:43
97e3f6a6-f1c9-4fad-aa1c-1e66cab90c36,reveals.fund,available,14.99,71.99,medium,low,7,namesilo,,,20/09/2026 06:30
043a4c62-88e3-4ed1-ad5e-15023e641698,cmos.fund,available,11.98,92.98,medium,low,4,namecheap,,,29/09/2026 04:59
058a0842-b044-4f84-916f-5da8e6fd3b8f,exhaust.fund,available,55.2,55.2,high,low,7,cloudflare,,,29/09/2026 18:34
42ed4eb7-9053-4fac-89f0-7c91986d2428,automation.fund,resell,,,high,medium,10,"DNSPod, Inc.",30/05/2018 23:22,30/05/2027 23:22,28/09/2026 03:05
3bac56b3-8ec3-4864-ba8b-c68b2507a354,generated.fund,available,11.98,92.98,medium,low,9,namecheap,,,19/09/2026 12:09
5e71cd37-ef4b-4774-819c-2420a963d702,arbor.fund,resell,,,high,low,5,"DNSPod, Inc.",05/01/2025 15:15,05/01/2036 15:15,26/09/2026 03:58
a26041f8-983f-4331-b262-f10e337b53c4,communist.fund,available,11.98,92.98,high,low,9,namecheap,,,23/09/2026 16:14
b20845d4-5606-4c40-b984-b1dbaab5bc80,recorded.fund,available,14.99,71.99,high,low,8,namesilo,,,27/09/2026 10:58
de087b53-b75a-49a8-8f61-a5c803e1589c,argon.fund,available,11.98,92.98,high,low,5,namecheap,,,19/09/2026 23:19
80c46b5a-776b-48ea-bb46-e3c7ce450ffd,rose.fund,resell,,,high,medium,4,"Xiamen ChinaSource Internet Service Co., Ltd",12/02/2026 15:15,12/02/2027 15:15,27/09/2026 16:23
2921e155-abf3-46cd-b759-4d5d786db157,depended.fund,available,14.99,71.99,medium,low,8,namesilo,,,29/09/2026 17:13
4d606eaa-ff5e-4d7f-ad15-69ac678946a1,tex.fund,available,14.99,71.99,medium,low,3,namesilo,,,29/09/2026 03:26
db60907f-3334-43da-acd0-3ad4768ea52b,likeness.fund,available,11.98,92.98,high,low,8,namecheap,,,18/09/2026 07:48
f3296bd6-74ad-4fdd-b096-fd3d62eb7c1c,colby.fund,available,8.78,59.07,high,low,5,dynadot,,,28/09/2026 00:47
6c7aa8cc-980d-459d-8939-a05ba2c3f6fc,forepart.fund,available,11.98,92.98,medium,low,8,namecheap,,,18/08/2026 16:13
7fdba8a5-0775-46c5-b416-b9be8f0ab7c7,stump.fund,available,14.99,71.99,high,low,5,namesilo,,,18/09/2026 17:18
c9933048-a7ba-4cf9-94e8-5d2664db0bab,murders.fund,available,15.99,92.99,low,low,7,name.com,,,25/09/2026 21:34
10477a3c-c64f-49dd-840b-9aca0d8b18e7,ammonia.fund,available,14.99,71.99,high,low,7,namesilo,,,18/09/2026 22:08
ae3b6912-0f3a-478b-8b88-2943c57a60d9,zones.fund,available,55.2,55.2,medium,low,5,cloudflare,,,29/09/2026 16:49
cc186d6e-9688-4a2c-9124-2a6a2211cf66,sharper.fund,available,10.55,57.13,high,low,7,spaceship,,,30/09/2026 00:58
1230e5eb-a86c-4cf5-9b5e-704143ce7662,classless.fund,available,11.98,92.98,high,low,9,namecheap,,,12/08/2026 09:48
32be2bd0-5161-40ba-ac39-c3eabca78eb3,rudderfish.fund,available,14.99,71.99,medium,low,10,namesilo,,,22/09/2026 01:07
f080f5b9-eb16-4544-8263-b1b34092bedd,density.fund,available,10.55,57.13,high,low,7,spaceship,,,29/09/2026 11:57
8a37545b-0e80-4223-a121-800b00b5198c,mesmerised.fund,available,11.98,92.98,medium,low,10,namecheap,,,17/08/2026 22:52
1eca3ea3-e54b-487d-8565-6671c986e821,equipped.fund,available,14.99,71.99,high,low,8,namesilo,,,24/09/2026 14:45
e89f6c3e-6a5b-436e-9254-0dd9acf9cc0f,object.fund,available,14.99,71.99,high,low,6,namesilo,,,19/09/2026 05:21
f2306ec8-7e29-4dbc-8890-6fc78a66bde2,duval.fund,available,11.98,92.98,medium,low,5,namecheap,,,28/09/2026 11:57
388254ac-7b25-416c-b057-d9ae63726bd2,pleural.fund,available,11.98,92.98,medium,low,7,namecheap,,,08/09/2026 21:15
59595cb6-2754-4f6b-9221-26a4e2e02f87,avionic.fund,available,11.98,92.98,medium,low,7,namecheap,,,07/08/2026 23:35
80a3255d-84ec-40db-b475-213c1b353c0a,overdose.fund,available,11.98,92.98,medium,low,8,namecheap,,,29/09/2026 02:45
c67bfd31-65c9-44e0-8f3d-36d562c54b54,software.fund,resell,,,high,medium,8,"Xiamen ChinaSource Internet Service Co., Ltd",11/01/2026 15:16,11/01/2027 15:16,30/09/2026 02:03
63a5c2e0-4d01-4cd5-91db-f33e9a25b1bb,aberdare.fund,available,11.98,92.98,medium,low,8,namecheap,,,16/09/2026 15:08
846dd58c-1bec-4333-ad75-61faa681a994,uncoated.fund,available,11.98,92.98,medium,low,8,namecheap,,,12/09/2026 05:35
60a9432d-ea48-4b17-8e56-b42544de5936,gao.fund,available,14.99,71.99,high,low,3,namesilo,,,25/09/2026 06:16
4690fad8-74a5-4592-be0e-b99a0788480c,bleach.fund,available,14.99,71.99,high,low,6,namesilo,,,24/09/2026 03:49
844afbda-75ed-4bd7-8b17-c4141dcec89e,erupt.fund,available,15.99,,high,low,5,name.com,,,
0f04005e-6288-47a6-ad0b-ad29e4405b53,tactically.fund,available,11.98,92.98,medium,low,10,namecheap,,,16/09/2026 07:46
aa3467ea-b72b-451a-a111-ad2740ee2c39,damnably.fund,available,15.99,92.99,low,low,8,name.com,,,13/08/2026 16:35
824e20e2-ec1a-4388-b90d-fcb49d2f4a79,knowing.fund,available,11.98,92.98,high,low,7,namecheap,,,25/09/2026 10:04
7fcd14f3-4d42-4e44-90a5-767c9a68d2b1,editorial.fund,available,11.98,92.98,high,low,9,namecheap,,,15/08/2026 11:07
b70c650f-9823-40c3-94a7-badd7843c3e2,malagasy.fund,available,10.55,57.13,medium,low,8,spaceship,,,29/09/2026 22:51
4e23d0ea-6677-458a-859b-de9d030e7ad0,armoured.fund,available,11.98,92.98,high,low,8,namecheap,,,06/08/2026 20:10
d72fb392-97b5-4871-9754-4de02875d881,adios.fund,available,8.78,59.07,high,low,5,dynadot,,,28/09/2026 18:36
4bf17718-4ff5-462f-9100-654e177b3f2f,yawning.fund,available,11.98,92.98,high,low,7,namecheap,,,13/09/2026 14:18
674c11da-b3aa-4350-a39e-e7aa9d0ce9a7,upbringing.fund,available,8.75,57.16,high,low,10,porkbun,,,29/09/2026 18:06
8ac479e2-d29e-4092-b578-f16473cbaadc,newest.fund,available,11.98,92.98,high,low,6,namecheap,,,18/09/2026 15:57
40cf806d-30ae-4c2a-a820-5db1aae5f308,peerless.fund,available,11.98,92.98,high,low,8,namecheap,,,24/08/2026 17:04
039ef1ae-d445-4b81-a3cd-bb59cd89c25d,anas.fund,available,14.99,71.99,high,low,4,namesilo,,,19/09/2026 02:30
ece4ed6c-007a-4c1e-ab61-b6c1dbe971ac,validly.fund,available,11.98,92.98,medium,low,7,namecheap,,,16/09/2026 10:42
8c84cfef-661f-4d36-b565-fdfae75bdc49,capsulate.fund,available,11.98,92.98,high,low,9,namecheap,,,11/08/2026 18:10
1267d580-c5c8-47c8-aaef-d838982cc25e,jointed.fund,available,11.98,92.98,medium,low,7,namecheap,,,22/08/2026 13:44
ba7026d4-96ce-42cb-a664-3f4f58be3df2,droopy.fund,available,11.98,92.98,medium,low,6,namecheap,,,14/08/2026 19:43
3faa5e51-fc15-4565-b97f-549a08cac48c,gallican.fund,available,11.98,92.98,medium,low,8,namecheap,,,18/08/2026 19:40
3f834a06-1083-4c97-8464-89829cff92e5,forked.fund,available,11.98,92.98,high,low,6,namecheap,,,09/08/2026 20:14
c9ea313a-e184-4fa2-80f6-ea4f7c944cfe,sharon.fund,available,14.99,71.99,high,low,6,namesilo,,,27/09/2026 06:30
3f427e16-5c0b-4357-8f06-7fb9df800302,achievement.fund,available,10.55,57.13,high,low,11,spaceship,,,28/09/2026 08:12
0d6b46a0-be26-439e-9ae2-dadcf91e5a1d,ruse.fund,available,14.99,71.99,medium,low,4,namesilo,,,20/09/2026 11:33
506e3686-c115-4951-a346-74662fdd3f42,bedewed.fund,available,11.98,92.98,low,low,7,namecheap,,,09/08/2026 06:46
b14bb919-1bf9-4943-a6a7-3a6cb8b8ae12,dryness.fund,available,14.99,71.99,high,low,7,namesilo,,,24/09/2026 22:51
4482aa44-810a-4d1b-8cfe-cfdb07f652f7,misleading.fund,available,11.98,92.98,medium,low,10,namecheap,,,25/08/2026 01:34
e5f1ffa6-d710-404f-a2d9-de0a849d925d,writes.fund,available,11.98,92.98,medium,low,6,namecheap,,,17/09/2026 14:27
2bf33936-52be-40e8-8acb-d4ec4127f435,willoughby.fund,available,14.99,71.99,high,low,10,namesilo,,,28/09/2026 00:32
8d2b54a6-2c9b-4d94-a1e0-1ff9d6554af7,hcl.fund,available,14.99,71.99,medium,low,3,namesilo,,,29/09/2026 17:21
9bd33096-701b-4fb4-bd64-34e0ef5b54d0,tattle.fund,available,14.99,71.99,medium,low,6,namesilo,,,23/09/2026 23:36
c71d3f75-85ac-4e18-9277-c9736370e461,amusement.fund,available,14.99,71.99,high,low,9,namesilo,,,26/09/2026 00:23
9d138e0b-e76c-4a65-a61d-3115d2b7e3d2,debonaire.fund,available,11.98,92.98,high,low,9,namecheap,,,12/08/2026 05:59
5dfdd64e-78fd-4b43-8f77-425cde1f4ed8,realizes.fund,available,10.55,57.13,medium,low,8,spaceship,,,29/09/2026 05:59
1ae9654f-96f4-45fc-85fd-e6b306723088,crisis.fund,resell,,,high,low,6,"DNSPod, Inc.",19/04/2022 13:15,19/04/2036 13:15,26/09/2026 05:20
6ce1f520-e500-4b10-a72d-5cae430476cd,maturate.fund,available,11.98,92.98,high,low,8,namecheap,,,24/08/2026 17:31
4d9480ae-3cee-4f4c-905e-f3375fa14053,comforting.fund,available,11.98,92.98,high,low,10,namecheap,,,12/08/2026 03:43
73b55872-a803-45b9-9fdf-d8a97e20b04d,mastoid.fund,available,11.98,92.98,medium,low,7,namecheap,,,24/08/2026 16:48
1b3584a3-6b62-41c9-92fa-0a0d32e7dfa9,distinctions.fund,available,14.99,71.99,medium,low,12,namesilo,,,20/09/2026 03:54
65b2b016-e5dc-47a8-a837-4972d778e648,panoplied.fund,available,11.98,92.98,medium,low,9,namecheap,,,06/08/2026 21:42
f79b53f0-4da2-48e5-80b4-974360486865,occasional.fund,available,10.55,57.13,high,low,10,spaceship,,,28/09/2026 11:16
fc569cee-a4c7-4759-b4bf-842bb5847758,oklahoma.fund,premium,118.8,118.8,high,low,8,namesilo,,,26/09/2026 00:08
fb169481-46e1-4fae-82b9-65afb8fccc0a,layman.fund,available,11.98,92.98,medium,low,6,namecheap,,,10/09/2026 01:24
4be59f5c-3db5-4e0f-9c26-12b9c184fb1c,monotonic.fund,available,11.98,92.98,medium,low,9,namecheap,,,25/08/2026 05:23
47c0f591-dda7-4a55-989d-3942801cf6bf,teatime.fund,available,14.99,71.99,high,low,7,namesilo,,,17/09/2026 15:45
0b894129-88e1-4f31-a4a7-0092bea7f3fd,styling.fund,available,11.98,92.98,high,low,7,namecheap,,,17/09/2026 18:14
6bc8eee2-e797-4aaf-a518-7c563f7e1852,newsless.fund,available,11.98,92.98,low,low,8,namecheap,,,03/09/2026 16:52
3634721e-8779-4eeb-afd7-f76e94b57ebe,ceiling.fund,available,14.99,71.99,high,low,7,namesilo,,,24/09/2026 13:23
3206e65e-2346-49be-9e1c-0074d63f59ba,politicians.fund,available,14.99,71.99,medium,low,11,namesilo,,,19/09/2026 23:03
c43a9a1e-4fec-4227-8c0e-8119136261ac,glowingly.fund,available,11.98,92.98,high,low,9,namecheap,,,14/09/2026 21:48
34d8fe5b-61c9-49d6-b08e-96af1c3c2fa5,hysteric.fund,available,11.98,92.98,medium,low,8,namecheap,,,21/08/2026 17:20
caa5b001-8e70-4aa2-91fb-064e80125df3,inelegant.fund,available,11.98,92.98,medium,low,9,namecheap,,,22/08/2026 03:44
7df52c68-cd26-458b-9253-76ac6b263e8c,crotch.fund,available,14.99,71.99,medium,low,6,namesilo,,,24/09/2026 19:42
e00d4163-681f-4c72-867f-2aa1296ffae5,lowlife.fund,available,11.98,92.98,medium,low,7,namecheap,,,11/08/2026 09:22
da469800-11b7-4d6f-9790-9df4b3d87474,anil.fund,available,11.98,92.98,high,low,4,namecheap,,,22/08/2026 03:03
499278ea-0c50-4887-898f-172f89156f35,barrels.fund,available,14.99,71.99,high,low,7,namesilo,,,22/09/2026 08:23
be867d87-f255-4213-9d73-2ac6f2901455,weaned.fund,available,11.98,92.98,high,low,6,namecheap,,,13/09/2026 08:53
9e6015c6-121b-4ab8-8447-c9b5a8fb3993,dre.fund,available,55.2,55.2,high,low,3,cloudflare,,,29/09/2026 21:06
2a1df8b5-d8e1-4e2d-847b-626076af0cd0,amnios.fund,available,14.99,71.99,medium,low,6,namesilo,,,18/09/2026 22:26
6620af25-80f8-4991-9ace-34e3fc1300d1,bifacial.fund,available,11.98,92.98,medium,low,8,namecheap,,,09/08/2026 19:57
6eb4bfc5-66c3-47ae-8f01-44226ffcb446,abruptly.fund,available,15.99,92.99,medium,low,8,name.com,,,13/08/2026 19:17
90efe29d-6735-478a-afab-3e1648766805,effortful.fund,available,11.98,92.98,medium,low,9,namecheap,,,15/08/2026 16:20
f884312d-3ccd-4ed8-be24-16d4551232cc,healthy.fund,resell,,,high,low,7,"DNSPod, Inc.",05/07/2018 23:26,05/07/2027 23:26,26/09/2026 06:36
a56d7a66-6b22-4d2b-a577-6894f36e8fad,slaughter.fund,available,11.98,92.98,medium,low,9,namecheap,,,13/09/2026 08:00
9dab29b2-2efa-48ec-b914-e73418c3fa97,studded.fund,available,11.98,92.98,medium,low,7,namecheap,,,10/09/2026 22:57
dfd83144-98e2-4509-be1a-3efa0dde80d5,marguerite.fund,available,14.99,71.99,high,low,10,namesilo,,,20/09/2026 04:58
bd5130d8-c714-4951-a2cd-1021c79b745c,incursive.fund,available,11.98,92.98,medium,low,9,namecheap,,,22/08/2026 02:09
c2d48ac3-a6ab-4d58-81d7-15d35afbecff,devotions.fund,available,14.99,71.99,medium,low,9,namesilo,,,20/09/2026 02:07
fc69083e-e142-4e22-aad9-bc040bbe6cfe,foodless.fund,available,11.98,92.98,medium,low,8,namecheap,,,18/08/2026 10:26
b3fd325d-a254-4108-892f-d0010eea2f2a,proclamation.fund,available,8.78,59.07,high,low,12,dynadot,,,29/09/2026 16:06
93076b23-ed16-45fd-8936-0841b7c42863,playful.fund,available,11.98,92.98,high,low,7,namecheap,,,08/09/2026 20:58
51fc6c5b-d073-44e3-a808-642c2b7951b0,steriliser.fund,available,11.98,92.98,medium,low,10,namecheap,,,21/09/2026 06:06
829ddbf0-8ba9-44ab-87ac-e7fd3f8f3756,belfry.fund,available,14.99,71.99,high,low,6,namesilo,,,23/09/2026 04:56
caf06553-e60d-4b5b-91c4-bff28cc3bc72,sue.fund,premium,78.54,78.54,high,low,3,namesilo,,,28/09/2026 18:04
d23e8fc4-b8f3-4142-80dd-56883350b5d1,uninformed.fund,available,11.98,92.98,medium,low,10,namecheap,,,12/09/2026 13:22
34270a3b-8e30-48b0-ba8b-47da668b533a,exhaustion.fund,available,11.98,92.98,medium,low,10,namecheap,,,29/09/2026 13:24
02ddcd00-3c15-4076-9809-bca2c20fbb9e,berlioz.fund,available,14.99,71.99,medium,low,7,namesilo,,,23/09/2026 09:39
c92fa83d-88a9-4153-b787-5eadd52cfdcc,bluestem.fund,available,11.98,92.98,medium,low,8,namecheap,,,19/09/2026 04:58
9facdcc3-7089-4441-88c9-a5e0909a9419,racism.fund,available,14.99,71.99,medium,low,6,namesilo,,,29/09/2026 02:00
d40dd8a6-12f4-43f2-8566-0f9cfd85a69a,uuh.fund,available,14.99,71.99,medium,low,3,namesilo,,,20/09/2026 22:22
9a498138-afa5-40e9-aa0a-8ebd86c96ea5,chinchy.fund,available,11.98,92.98,medium,low,7,namecheap,,,12/08/2026 05:42
d1ef8e0e-dc5b-431a-a164-e77f94e7a687,drool.fund,available,14.99,71.99,high,low,5,namesilo,,,21/09/2026 23:48
568c7862-a5c7-4e84-a0ef-20beacbaea21,philippi.fund,available,14.99,71.99,medium,low,8,namesilo,,,22/09/2026 15:38
f9b7d7c8-9045-4c4e-b592-ab75a1adc0a6,crocked.fund,available,11.98,92.98,low,low,7,namecheap,,,09/08/2026 15:34
9a5ef50e-3d90-41dc-8447-9ecdf95787b9,unsightly.fund,available,11.98,92.98,medium,low,9,namecheap,,,12/09/2026 19:53
2e72b0b1-127e-45fb-be80-000df8ff8240,friday.fund,resell,,,high,low,6,"DNSPod, Inc.",25/01/2025 15:15,25/01/2036 15:15,26/09/2026 06:15
8aea59c1-5324-473e-990f-42ba0009a28a,closes.fund,available,14.99,71.99,medium,low,6,namesilo,,,28/09/2026 05:00
71bf2c17-beda-411e-ad2a-1d7aec99bd50,problematic.fund,available,14.99,71.99,high,low,11,namesilo,,,29/09/2026 14:26
e44f51f5-6c2c-4dd9-92d9-24c2954b17e7,staffordshire.fund,available,10.55,57.13,medium,low,13,spaceship,,,28/09/2026 11:53
898d349a-8daa-4bf9-a785-87476662c27d,productions.fund,premium,54.36,108.6,medium,low,11,porkbun,,,30/09/2026 00:05
9c94c5bc-d639-4827-bc79-b386329d6c66,wives.fund,available,15.99,,high,low,5,name.com,,,
baa78ba0-7298-458b-ac13-9c588b97bd14,sweatshop.fund,available,15.99,,medium,low,10,name.com,,,
2764e7c8-fe50-4a60-a32d-4ea4dad8e2ed,oblige.fund,available,11.98,92.98,high,low,6,namecheap,,,03/09/2026 23:41
5b04bc62-0ca3-464f-af83-f947422a4d55,resignation.fund,available,15.99,,high,low,11,name.com,,,
ce761660-c5eb-4646-9529-54e3a7ad7986,lank.fund,available,11.98,92.98,medium,low,4,namecheap,,,22/08/2026 19:32
75d99e24-559d-47e8-8aeb-53af9860b32e,summarizing.fund,available,14.99,71.99,medium,low,11,namesilo,,,17/09/2026 10:36
babbab88-2c18-4bf5-9bac-65c5926d6f52,dots.fund,available,14.99,71.99,high,low,4,namesilo,,,28/09/2026 22:47
812edc62-44c2-4ae4-9018-b28dd519d01b,say.fund,premium,78.54,78.54,high,low,3,namesilo,,,
085ac128-d4a3-4850-98c0-8aa99199ce7f,banjul.fund,available,14.99,71.99,high,low,6,namesilo,,,22/09/2026 02:12
98adb3b6-1d42-4f3d-98e6-3c6685192c66,auricula.fund,available,11.98,92.98,medium,low,8,namecheap,,,21/09/2026 04:20
6b5d9b2e-6192-4acb-bf85-537dc2d0c8dd,secretaries.fund,available,14.99,71.99,medium,low,11,namesilo,,,30/09/2026 00:46
a8e7d1d1-75da-42bd-aaf0-9f467d1035e0,swelled.fund,available,11.98,92.98,medium,low,7,namecheap,,,11/09/2026 05:38
09464356-0df6-4477-813c-cf2916cdf88a,shrek.fund,available,,,high,medium,5,,,,
15e516da-53b1-4dbe-a8b4-373d840a8368,trance.fund,available,11.98,92.98,high,low,6,namecheap,,,28/09/2026 13:44
3a954c1d-c8c3-45a6-9000-279d846c140f,distal.fund,available,11.98,92.98,medium,low,6,namecheap,,,14/08/2026 13:03
cdbe78f4-b73f-420d-bc20-e3ed96c6cbd3,llewellyn.fund,available,8.75,57.16,medium,low,9,porkbun,,,29/09/2026 09:48
dc0807d8-4fe1-4675-938e-a673c1ec9d7c,lutheran.fund,available,11.98,92.98,high,low,8,namecheap,,,24/08/2026 12:23
7f1fe0b0-8a86-4f0a-85fc-370b1c61a323,unstated.fund,available,11.98,92.98,medium,low,8,namecheap,,,12/09/2026 09:45
a5bc2f01-4c72-43af-90ac-384e912ec2fe,surprises.fund,available,14.99,71.99,high,low,9,namesilo,,,20/09/2026 10:56
b8f88ab7-ee72-4684-9233-50f2482104df,dismay.fund,available,8.78,59.07,medium,low,6,dynadot,,,28/09/2026 20:03
115d4818-da0f-4401-b866-1d3ebb9b1152,throws.fund,available,14.99,71.99,medium,low,6,namesilo,,,19/09/2026 00:51
03dc1a18-3eb2-4474-bc5d-4a8b95e990df,chocolates.fund,available,10.55,57.13,high,low,10,spaceship,,,28/09/2026 06:45
41ceef4c-0922-4003-94ec-ec4c0d172896,advertizer.fund,available,14.99,71.99,medium,low,10,namesilo,,,17/09/2026 08:39
f65530e0-9aca-429d-951b-13981af84a4d,selflessly.fund,available,11.98,92.98,medium,low,10,namecheap,,,13/09/2026 19:23
3e482dd5-f476-41f4-91f2-7a8ebce63307,quitting.fund,available,14.99,71.99,medium,low,8,namesilo,,,17/09/2026 01:45
d9f8b23e-4606-471d-8d5d-64482e585766,movies.fund,available,15.99,,high,low,6,name.com,,,
9bb7d9b3-ace5-491f-ac1a-5f832d37d93c,splattered.fund,available,15.99,92.99,medium,low,10,name.com,,,13/08/2026 15:21
bcf34697-0d26-445e-baa3-10661e0e76f3,cranky.fund,available,11.98,92.98,medium,low,6,namecheap,,,13/08/2026 04:53
8ed8106b-17d5-49cf-848c-b2a86aac71bd,preparations.fund,available,55.2,55.2,medium,low,12,cloudflare,,,29/09/2026 05:22
6e3b02c0-d3c1-401e-81f9-f2f2fdec3865,dogged.fund,available,11.98,92.98,medium,low,6,namecheap,,,14/08/2026 14:54
99cc41dc-e5dc-401d-a576-05bcb5ba9fcd,endogenic.fund,available,11.98,92.98,medium,low,9,namecheap,,,17/08/2026 01:13
50c18023-d5a5-4974-bd62-47dcda6ea43f,unlimited.fund,resell,,,high,low,9,"Chengdu West Dimension Digital Technology Co., Ltd.",02/01/2024 15:15,02/01/2027 15:15,26/09/2026 09:52
667355f5-ab48-42ae-9436-2f11e3a1f0b3,downy.fund,available,11.98,92.98,high,low,5,namecheap,,,14/08/2026 17:40
06edf67c-74c7-4a5f-bb7a-0c03d1901e18,medina.fund,available,14.99,71.99,high,low,6,namesilo,,,18/09/2026 01:29
1ae93594-8017-4093-aa19-97b9752046b8,damage.fund,available,11.98,92.98,high,low,6,namecheap,,,25/09/2026 04:36
62183946-db1c-4e2f-b631-e21784cdcbd4,twoscore.fund,available,11.98,92.98,medium,low,8,namecheap,,,
5be91df3-28ca-41dd-b5c2-9ad27395df7c,ottawa.fund,premium,260,260,high,low,6,namecheap,,,24/09/2026 11:58
627ca63e-c08e-4ea1-ad46-8bc77173ba7a,didactic.fund,available,11.98,92.98,high,low,8,namecheap,,,14/08/2026 06:41
b754e779-682f-41af-913c-7312652c44c0,cheating.fund,available,11.98,92.98,medium,low,8,namecheap,,,12/08/2026 03:32
1842aa27-8d95-4862-b56e-f247d73063e4,agronomist.fund,available,11.98,92.98,medium,low,10,namecheap,,,17/09/2026 19:41
e84417b0-2295-4328-bb87-cd63e99bdd7e,minnesota.fund,premium,220,220,high,low,9,dynadot,,,28/09/2026 14:20
8bb84f74-1147-41a8-980b-2cea0acc0fbf,cyprinid.fund,available,15.99,92.99,medium,low,8,name.com,,,13/08/2026 14:27
395661a5-0fb0-4c4e-bc0e-8a6db501e567,qatari.fund,available,11.98,92.98,high,low,6,namecheap,,,22/08/2026 15:09
8adebcdb-92b3-4b7f-84e3-08b937b7d8d1,botchy.fund,available,11.98,92.98,medium,low,6,namecheap,,,10/08/2026 20:53
7fcab446-5d15-4ebe-8e9a-3305cd3bef4a,externally.fund,available,11.98,92.98,medium,low,10,namecheap,,,14/09/2026 17:11
b9c9d2c3-83bc-4607-80b2-4660013c9316,grew.fund,available,15.99,,high,low,4,name.com,,,
78d28ff0-4d6a-4317-98d9-95dad8a86c56,catechu.fund,available,11.98,92.98,medium,low,7,namecheap,,,16/09/2026 20:04
dae48afb-42b3-4efe-8094-25abdaae25aa,amsterdam.fund,premium,118.8,118.8,high,low,9,namesilo,,,19/09/2026 00:08
5b24cc6e-0cde-4ab7-8c49-e515b5d99f81,harmless.fund,available,11.98,92.98,high,low,8,namecheap,,,21/08/2026 01:02
aa7c31d8-48f2-4397-bb3d-99dc2662cf71,curzon.fund,available,55.2,55.2,medium,low,6,cloudflare,,,29/09/2026 22:25
7f5aa066-411a-4831-8f37-231b8dee5900,seeger.fund,available,14.99,71.99,high,low,6,namesilo,,,18/09/2026 01:49
1ccbbe09-a1a0-4686-a94f-d1abb6c4fe77,third.fund,resell,,,high,low,5,"DNSPod, Inc.",03/07/2025 15:15,03/07/2027 15:15,26/09/2026 09:36
71dd750c-db4f-47d1-8d2a-e04c6d85e163,bathtub.fund,available,11.98,92.98,high,low,7,namecheap,,,22/09/2026 13:40
b2c77c9d-4aa0-448c-bb9b-e6cd173587fb,humanitarian.fund,premium,109.53,218.86,high,low,12,porkbun,,,28/09/2026 21:16
6a64d953-75f2-4f51-84a4-69b376c87d67,baking.fund,available,14.99,71.99,high,low,6,namesilo,,,22/09/2026 16:25
f24d78cf-9f68-4c38-a5b8-e87f985989b9,yard.fund,available,11.98,92.98,high,low,4,namecheap,,,21/09/2026 11:13
ab4c177a-2715-480e-9536-f04d09683a52,protection.fund,premium,128.7,128.7,high,low,10,namecheap,,,19/09/2026 09:47
af8f8b42-dd41-4d9c-9f7b-cdb008ae6fa5,vapourish.fund,available,11.98,92.98,medium,low,9,namecheap,,,13/09/2026 01:13
d3e0d556-3c18-4dcf-9389-9510484732d3,apery.fund,available,14.99,71.99,medium,low,5,namesilo,,,19/09/2026 16:43
ae2f2ad2-8d15-4372-8e37-93f2f95d0e3b,autoclave.fund,available,15.99,92.99,medium,low,9,name.com,,,21/09/2026 06:03
d7c0e2f2-6352-4cfa-bf85-4f16ff34cd61,platoon.fund,available,10.55,57.13,high,low,7,spaceship,,,27/09/2026 15:14
9eb590d0-6b5d-42ad-8017-0cf9d8ef76f8,booze.fund,available,11.98,92.98,high,low,5,namecheap,,,24/09/2026 07:21
9d1d547e-77a6-4df6-9b94-07c8a039bf12,mutagenic.fund,available,11.98,92.98,medium,low,9,namecheap,,,03/09/2026 11:37
92d88fae-32dc-49d5-ae5d-563aade3531f,doors.fund,available,14.99,71.99,high,low,5,namesilo,,,25/09/2026 19:46
0d8b3ed6-da8b-4c49-9530-64bcc049fa8a,desktops.fund,available,14.99,71.99,medium,low,8,namesilo,,,20/09/2026 12:27
10054fb8-df33-49b5-b110-85887b124dae,bowl.fund,available,14.99,71.99,high,low,4,namesilo,,,24/09/2026 07:38
6db37aa9-0b30-43d7-a23d-a24d2fd4bb28,bionics.fund,available,14.99,71.99,high,low,7,namesilo,,,23/09/2026 18:40
ceb00020-6fe9-451d-a454-5bba4934036b,chancel.fund,available,14.99,71.99,high,low,7,namesilo,,,23/09/2026 07:13
ef22f99e-924d-4332-b941-634e22500ebe,ilama.fund,available,14.99,71.99,medium,low,5,namesilo,,,19/09/2026 10:33
3d94e278-6ea9-4ddd-bddb-a6ba22f49e05,windless.fund,available,11.98,92.98,medium,low,8,namecheap,,,13/09/2026 12:14
cdee8aec-c20a-4e6b-becc-24555101c28f,federalist.fund,available,10.55,57.13,medium,low,10,spaceship,,,28/09/2026 19:11
977f6be6-e214-42d6-aaf5-00a080f746e4,psychical.fund,available,11.98,92.98,medium,low,9,namecheap,,,09/09/2026 05:07
c0c8b61d-675b-4c61-b2d6-1fb95e3dc238,adhesion.fund,available,14.99,71.99,high,low,8,namesilo,,,17/09/2026 07:59
100db0d5-6a24-4fa6-a407-6dabc616a4cd,implacable.fund,available,11.98,92.98,medium,low,10,namecheap,,,21/08/2026 22:31
42e9838c-fbd4-426e-91dd-dfd3f2633454,adman.fund,available,14.99,71.99,medium,low,5,namesilo,,,17/09/2026 08:40
38f6f88d-77cd-4daa-a7ea-4df844819421,readings.fund,available,11.98,92.98,medium,low,8,namecheap,,,28/09/2026 23:42
4c72f1a4-83b5-46f7-a728-2a248bf2703a,doctorfish.fund,available,11.98,92.98,medium,low,10,namecheap,,,16/09/2026 20:58
4b8d60dd-8fd7-48c4-b2f4-3ffb80ed7229,wieldy.fund,available,11.98,92.98,medium,low,6,namecheap,,,13/09/2026 11:52
e8383740-809f-4464-bf7c-61721f1d62bf,uboat.fund,available,11.98,92.98,medium,low,6,namecheap,,,11/09/2026 00:23
5c4f87b9-504a-492b-b350-e96fada4f34f,dolly.fund,available,10.55,57.13,high,low,5,spaceship,,,27/09/2026 13:05
7f3b278c-dee9-4b12-a547-84797d3fb64a,blastema.fund,available,11.98,92.98,medium,low,8,namecheap,,,24/09/2026 04:21
77e6eb80-bed1-46df-9e1d-18fd1c848c17,bindweed.fund,available,11.98,92.98,medium,low,8,namecheap,,,23/09/2026 17:12
0615491e-d8da-47bf-8202-e2f4197bc370,unshaped.fund,available,11.98,92.98,medium,low,8,namecheap,,,12/09/2026 19:31
3ab4dbba-10ae-473a-ba8a-6722ac7157fe,stoutness.fund,available,11.98,92.98,medium,low,9,namecheap,,,04/09/2026 22:03
007549bd-b473-4071-8dc0-e4698d6dccb0,drifting.fund,available,11.98,92.98,high,low,8,namecheap,,,14/08/2026 19:13
c2820f4e-986e-49db-aa5a-861ec587ed88,unabridged.fund,available,11.98,92.98,high,low,10,namecheap,,,11/09/2026 23:28
478db542-1af7-4fbb-afa6-b94d60e17bbd,quarto.fund,available,14.99,71.99,medium,low,6,namesilo,,,16/09/2026 12:37
5400ea88-2a72-439e-9c3d-20a725b42135,wal.fund,available,10.55,57.13,high,low,3,spaceship,,,29/09/2026 23:46
9a2397d4-b4be-4b71-8ebb-9e27323b531c,hatch.fund,resell,,,high,low,5,,,,27/09/2026 03:37
faf2bb00-0e36-465b-94e9-66dd6e51f319,eyry.fund,available,11.98,92.98,high,low,4,namecheap,,,
f997e2f1-8584-431d-be9e-31008e9b97f3,dining.fund,available,55.2,55.2,high,low,6,cloudflare,,,29/09/2026 15:00
96f72b4f-e6c7-47b6-81f9-3a1edd0102f5,asymptotic.fund,available,,,medium,low,10,,,,
bc697c03-5c6f-4e98-aec7-1d6a53ec48ba,potpourri.fund,available,11.98,92.98,high,low,9,namecheap,,,25/08/2026 08:24
27cdb7ac-fa66-4782-abcd-3ce6f7224155,lsu.fund,available,55.2,55.2,high,low,3,cloudflare,,,28/09/2026 21:28
b7bf572f-25a2-4d62-a576-6562074919f1,baster.fund,available,11.98,92.98,medium,low,6,namecheap,,,22/09/2026 12:47
cb32c97a-7863-4cb8-87c8-74b70b2bb1bd,bronzy.fund,available,11.98,92.98,medium,low,6,namecheap,,,11/08/2026 05:39
ebd78d60-bd6d-4fed-925e-f2381a5028d8,acapnia.fund,available,11.98,92.98,medium,low,7,namecheap,,,16/09/2026 21:08
300cb47d-1730-442c-8336-1a5a6a67d8a8,gunrunner.fund,available,14.99,71.99,medium,low,9,namesilo,,,20/09/2026 07:45
ed52f4e5-781d-43f9-8a75-1fec757dec47,bosky.fund,available,11.98,92.98,medium,low,5,namecheap,,,10/08/2026 20:17
1ef3a7e5-41dc-4130-a26b-a49048f63027,ayurveda.fund,available,11.98,92.98,high,low,8,namecheap,,,21/09/2026 10:52
a52df05a-6ee4-47f2-8453-2ec23356e2b0,fugo.fund,available,14.99,71.99,medium,low,4,namesilo,,,21/09/2026 23:09
737decd8-b486-40ec-b93b-a64a73a00e0e,complexly.fund,available,11.98,92.98,medium,low,9,namecheap,,,14/09/2026 07:45
b560dc2b-879c-420b-bcd9-b2b8e615056f,lichens.fund,available,10.55,57.13,low,low,7,spaceship,,,29/09/2026 05:48
3a660b63-3c0e-4df4-be52-0ae512018b66,flagfish.fund,available,11.98,92.98,medium,low,8,namecheap,,,18/09/2026 19:58
b7d28533-4d38-4acf-9abd-db3d17c4d876,dislocated.fund,available,11.98,92.98,medium,low,10,namecheap,,,14/08/2026 11:31
22dd9011-299a-4d39-8b84-6c80e9a86bd6,timorese.fund,available,11.98,92.98,medium,low,8,namecheap,,,11/09/2026 16:04
cbc9d4e4-fce5-40be-8b28-a895b3ff63c6,founded.fund,available,10.55,57.13,high,low,7,spaceship,,,28/09/2026 21:04
417d3cae-586e-4620-a148-08e86d486fe8,energising.fund,available,11.98,92.98,medium,low,10,namecheap,,,17/08/2026 06:43
4fbd560b-c8a3-4dbb-b792-d4b0c74b43b9,irene.fund,available,8.78,59.07,high,low,5,dynadot,,,28/09/2026 21:21
bf52b1ad-7fee-469f-8e2c-3d6e0cc98544,wheezy.fund,available,11.98,92.98,medium,low,6,namecheap,,,07/08/2026 09:31
29cb340c-3f6b-4e84-bd2b-34f0b2ffced7,cowpens.fund,available,14.99,71.99,medium,low,7,namesilo,,,22/09/2026 14:56
b302d80a-7c82-49db-9409-817dfe655b31,acrylamide.fund,available,11.98,92.98,medium,low,10,namecheap,,,17/09/2026 04:00
45171e51-0ba3-420f-9dc3-2f32fcad2fae,bind.fund,available,14.99,71.99,high,low,4,namesilo,,,22/09/2026 00:54
6f4c8348-a5cc-4816-90bf-c4a3444e3367,rubbish.fund,available,14.99,71.99,medium,low,7,namesilo,,,28/09/2026 09:24
f84a0f45-fc42-4e66-b980-253d9abeea34,tending.fund,available,11.98,92.98,high,low,7,namecheap,,,11/09/2026 11:15
24eae9ed-5812-4644-9bec-b32f05ff2d7e,axial.fund,available,14.99,71.99,high,low,5,namesilo,,,22/09/2026 15:33
87909193-4408-486f-be13-eb0808ea640a,preview.fund,available,15.99,,high,low,7,name.com,,,
75d7b3d2-6ed0-4d74-a2ea-a30ba16854f5,eyeshadow.fund,available,11.98,92.98,high,low,10,namecheap,,,
7bc8e868-838c-49d3-93e6-1a4e74b496e0,cassie.fund,available,11.98,92.98,high,low,6,namecheap,,,16/09/2026 20:12
791ea03a-ae87-40e9-8f96-4fa5346e61b7,wholesome.fund,available,14.99,71.99,high,low,9,namesilo,,,28/09/2026 10:32
92b5ece2-cc29-435e-92e5-8bdcfac55443,buildings.fund,available,14.99,71.99,medium,low,9,namesilo,,,27/09/2026 09:32
33648b3a-83c0-4601-b0cd-16ac2a5ba635,escapes.fund,available,11.98,92.98,medium,low,7,namecheap,,,29/09/2026 05:18
8c55e796-2bff-4ae9-a22e-3bad06c68e12,request.fund,available,11.98,92.98,high,low,7,namecheap,,,28/09/2026 22:34
75c9867b-92b4-43c2-aee9-8c31239d9914,guggenheim.fund,available,11.98,92.98,high,low,10,namecheap,,,27/09/2026 04:18
628791f1-efe6-47e4-830a-e7b202feb1db,norte.fund,available,14.99,71.99,high,low,5,namesilo,,,27/09/2026 07:02
f8e2b03a-ba0c-44d7-bc15-7eaab1e73297,juiceless.fund,available,11.98,92.98,medium,low,9,namecheap,,,22/08/2026 14:18
34934894-e3a7-4318-835a-5b6ac819615e,toxic.fund,available,14.99,71.99,high,low,5,namesilo,,,28/09/2026 09:26
2600ef10-65d4-45be-9a55-ad94af4f9337,quelled.fund,available,11.98,92.98,medium,low,7,namecheap,,,09/09/2026 08:24
08e36fbf-1e2f-48b9-bb45-c7ea46528ed7,rude.fund,available,11.98,92.98,high,low,4,namecheap,,,22/09/2026 16:12
862d805e-ad02-4864-aa77-99edb6f1945e,needfully.fund,available,11.98,92.98,medium,low,9,namecheap,,,15/09/2026 16:20
c5c766ed-07e4-4ec8-97d8-6ccf5e1f1a5b,grievous.fund,available,11.98,92.98,medium,low,8,namecheap,,,07/08/2026 14:41
40d621c5-f6ef-41a5-8774-6cda1ccf6b70,deducible.fund,available,11.98,92.98,medium,low,9,namecheap,,,13/08/2026 22:25
5ccc5567-55c7-4ece-ac2f-4837563c4f28,dictate.fund,available,10.55,57.13,high,low,7,spaceship,,,29/09/2026 18:38
dc0e6fae-9297-4d2e-817b-999438657c0c,devil.fund,available,14.99,71.99,high,low,5,namesilo,,,23/09/2026 01:20
cdc8ab8b-5972-456c-bf8f-0e5b69931499,viennese.fund,available,11.98,92.98,high,low,8,namecheap,,,13/09/2026 05:30
7f6ae68d-1e45-476b-9716-78831830e2c4,somehow.fund,available,11.98,92.98,medium,low,7,namecheap,,,28/09/2026 15:41
f32e02bc-c7b9-43cb-878c-b364e792fe81,tux.fund,premium,78.54,78.54,high,low,3,namesilo,,,24/09/2026 01:52
f696d6ee-a877-419e-accf-4fe18aa007fa,brigand.fund,available,14.99,71.99,medium,low,7,namesilo,,,22/09/2026 01:20
10c38a32-1817-4e0e-b3c4-228be16200c1,grueling.fund,available,11.98,92.98,high,low,8,namecheap,,,06/08/2026 16:45
7788e8ed-3c0a-4865-aade-ebdf0e5a093f,skipper.fund,available,14.99,71.99,high,low,7,namesilo,,,28/09/2026 03:03
d20d3450-4987-4a0e-b379-8220f06ee6c2,pass.fund,resell,,,high,low,4,Xin Net Technology Corporation,09/04/2019 21:05,09/04/2027 21:05,27/09/2026 02:49
5df58640-da6e-4532-91ef-4bea15c97f51,storyboards.fund,available,14.99,71.99,medium,low,11,namesilo,,,20/09/2026 14:39
5f2eeb6e-d767-41a4-b947-ed1aa019139d,flack.fund,available,11.98,92.98,medium,low,5,namecheap,,,
d102963c-0d62-46fe-bb0e-5cd82abb99bc,joshua.fund,resell,,,high,low,6,"DNSPod, Inc.",02/04/2019 05:36,02/04/2027 05:36,26/09/2026 07:01
6b465bf7-67bc-4f28-8787-17106ff17cbc,tobin.fund,available,14.99,71.99,high,low,5,namesilo,,,28/09/2026 06:04
f6123395-2de1-40f2-afa0-124e92ab6d7c,inpatient.fund,available,11.98,92.98,medium,low,10,namecheap,,,20/09/2026 21:46
18f30863-f98e-4957-939a-e54efaf9b799,needful.fund,available,11.98,92.98,high,low,7,namecheap,,,03/09/2026 14:51
4bba9e2e-f534-48ff-8e43-c967b0ddf8cd,grungy.fund,available,11.98,92.98,low,low,6,namecheap,,,09/08/2026 09:36